NO. OF CONSTITUENCY,NAME OF CONSTITUENCY,NAME OF PROVINCE,POPULATION,Party ,Candidates
NA-1,Chitral Upper-cum-Chitral Lower,Khyber Pakhtunkhwa,"515,935",PPP,Fazli Rabbi
NA-1,Chitral Upper-cum-Chitral Lower,Khyber Pakhtunkhwa,"515,935",JUI(F),Muhammad Talha Mahmood
NA-1,Chitral Upper-cum-Chitral Lower,Khyber Pakhtunkhwa,"515,935",ANP ,Khadija Bibi
NA-1,Chitral Upper-cum-Chitral Lower,Khyber Pakhtunkhwa,"515,935",PMLN ,Iftikhar uddin
NA-1,Chitral Upper-cum-Chitral Lower,Khyber Pakhtunkhwa,"515,935",Pakistan Tehreek-e-Insaf,Abdul Latif
NA-2,SWAT-1,Khyber Pakhtunkhwa,"883,636",Pakistan Tehreek-e-Insaf,Dr. Amjad
NA-2,SWAT-1,Khyber Pakhtunkhwa,"883,636",PPP,Haider Ali Khan
NA-2,SWAT-1,Khyber Pakhtunkhwa,"883,636",PMLN ,Amir Muqam
NA-2,SWAT-1,Khyber Pakhtunkhwa,"883,636",ANP ,Muhammad Ayub Khan
NA-2,SWAT-1,Khyber Pakhtunkhwa,"883,636",JI,Naveed Igbal
NA-2,SWAT-1,Khyber Pakhtunkhwa,"883,636",JUI(F),Abdul Ghafoor
NA-3,SWAT-2,Khyber Pakhtunkhwa,"867,243",Pakistan Tehreek-e-Insaf,Saleem ur Rehman
NA-3,SWAT-2,Khyber Pakhtunkhwa,"867,243",PPP,Shaharyar Amirzeb
NA-3,SWAT-2,Khyber Pakhtunkhwa,"867,243",PMLN ,Muhammad Nisar Khan
NA-3,SWAT-2,Khyber Pakhtunkhwa,"867,243",ANP ,Sher Baz Khan
NA-3,SWAT-2,Khyber Pakhtunkhwa,"867,243",JI,Sahib Zada Tariq Ullah
NA-3,SWAT-2,Khyber Pakhtunkhwa,"867,243",JUI(F),Kaisar Khan
NA-4,SWAT-3,Khyber Pakhtunkhwa,"936,506",Pakistan Tehreek-e-Insaf,Sohail Sultan
NA-4,SWAT-3,Khyber Pakhtunkhwa,"936,506",PPP,Kamal Khan
NA-4,SWAT-3,Khyber Pakhtunkhwa,"936,506",ANP ,Muhammad Saleem Khan
NA-4,SWAT-3,Khyber Pakhtunkhwa,"936,506",Jamiat Ulema-e-Islam (F),Rahim Ullah
NA-4,SWAT-3,Khyber Pakhtunkhwa,"936,506",Pakistan Tahreek Insaf Parliamentarian,Mehmood Khan
NA-5,Upper Dir,Khyber Pakhtunkhwa,"1,083,566",Pakistan Tehreek-e-Insaf,Sahibzada Sibghatullah Virk
NA-5,Upper Dir,Khyber Pakhtunkhwa,"1,083,566",PPP,Najam Uddin Khan
NA-5,Upper Dir,Khyber Pakhtunkhwa,"1,083,566",PMLN ,Muhammad Nisar Khan
NA-5,Upper Dir,Khyber Pakhtunkhwa,"1,083,566",ANP ,Bahadar Khan
NA-5,Upper Dir,Khyber Pakhtunkhwa,"1,083,566",Jamiat Ulema-e-Islam (F),Muhammad Nabi
NA-5,Upper Dir,Khyber Pakhtunkhwa,"1,083,566",Jamaat-e-Islami Pakistan ,Sahib Zada Tariq Ullah
NA-5,Upper Dir,Khyber Pakhtunkhwa,"1,083,566",Pakistan Tahreek Insaf Parliamentarian,Muhammad Ibrahim
NA-6,Lower Dir-1,Khyber Pakhtunkhwa,"853,612",Pakistan Tehreek-e-Insaf,Bashir Khan
NA-6,Lower Dir-1,Khyber Pakhtunkhwa,"853,612",PPP,Muhammad Hanif 
NA-6,Lower Dir-1,Khyber Pakhtunkhwa,"853,612",PMLN ,Roh Ullah Khan
NA-6,Lower Dir-1,Khyber Pakhtunkhwa,"853,612",ANP ,Muhammad Zahid Khan
NA-6,Lower Dir-1,Khyber Pakhtunkhwa,"853,612",Jamiat Ulema-e-Islam (F),Muhammad Sher Khan
NA-6,Lower Dir-1,Khyber Pakhtunkhwa,"853,612",Jamaat-e-Islami Pakistan ,Sirajul Hag
NA-7,Lower Dir-2,Khyber Pakhtunkhwa,"796,571",Pakistan Tehreek-e-Insaf,Mehboob Shah
NA-7,Lower Dir-2,Khyber Pakhtunkhwa,"796,571",PPP,Alam Zaib Khan
NA-7,Lower Dir-2,Khyber Pakhtunkhwa,"796,571",PMLN ,Yasir Khan
NA-7,Lower Dir-2,Khyber Pakhtunkhwa,"796,571",ANP ,Khan Zeb
NA-7,Lower Dir-2,Khyber Pakhtunkhwa,"796,571",Jamiat Ulema-e-Islam (F),Siraj Ud Din
NA-7,Lower Dir-2,Khyber Pakhtunkhwa,"796,571",Jamaat-e-Islami Pakistan ,Muhammad Ismail
NA-8,Bajaur,Khyber Pakhtunkhwa,"1,287,960",Pakistan Tehreek-e-Insaf,Gul Zafar Khan
NA-8,Bajaur,Khyber Pakhtunkhwa,"1,287,960",PPP,Syed Akhunzada Chattan
NA-8,Bajaur,Khyber Pakhtunkhwa,"1,287,960",PMLN ,Shahab Ud Din Khan
NA-8,Bajaur,Khyber Pakhtunkhwa,"1,287,960",Jamaat-e-Islami Pakistan ,Sahibzada Haroon Ur Rashid
NA-9,Malakand,Khyber Pakhtunkhwa,"826,250",Pakistan Tehreek-e-Insaf,Junaid Akbar
NA-9,Malakand,Khyber Pakhtunkhwa,"826,250",PPP,Syed Ahmad Ali Shah
NA-9,Malakand,Khyber Pakhtunkhwa,"826,250",PMLN ,Sajjad Ahmad
NA-9,Malakand,Khyber Pakhtunkhwa,"826,250",Jamiat Ulema-e-Islam (F),Kifayat Ullah
NA-9,Malakand,Khyber Pakhtunkhwa,"826,250",Jamaat-e-Islami Pakistan ,Bakht Jehan Khan
NA-9,Malakand,Khyber Pakhtunkhwa,"826,250",Pakistan Tahreek Insaf Parliamentarian,Muhammad Zeeshan
NA-10,Buner,Khyber Pakhtunkhwa,"1,016,869",Pakistan Tehreek-e-Insaf,Barrister Gohar Ali Khan
NA-10,Buner,Khyber Pakhtunkhwa,"1,016,869",PPP,Yousaf Ali
NA-10,Buner,Khyber Pakhtunkhwa,"1,016,869",PMLN ,Salar Khan
NA-10,Buner,Khyber Pakhtunkhwa,"1,016,869",ANP ,Abdur Rauf
NA-10,Buner,Khyber Pakhtunkhwa,"1,016,869",Pakistan Tahreek Insaf Parliamentarian,Sher Akbar Khan
NA-11,Shangla,Khyber Pakhtunkhwa,"891,252",Pakistan Tehreek-e-Insaf,Said Fareed Khan
NA-11,Shangla,Khyber Pakhtunkhwa,"891,252",PPP,Muhammad Alam Khan
NA-11,Shangla,Khyber Pakhtunkhwa,"891,252",PMLN ,Amir Muqam
NA-11,Shangla,Khyber Pakhtunkhwa,"891,252",ANP ,Aurang Zeb khan 
NA-11,Shangla,Khyber Pakhtunkhwa,"891,252",Pakistan Tahreek Insaf Parliamentarian,Mian Nazir Rahman
NA-12,Kohistan Upper -cum- Kohistan Lower-cum-Kolai Palas Kohistan,Khyber Pakhtunkhwa,"1,043,126",Pakistan Tehreek-e-Insaf,Taj Muhammad
NA-12,Kohistan Upper -cum- Kohistan Lower-cum-Kolai Palas Kohistan,Khyber Pakhtunkhwa,"1,043,126",PPP,Mehboob Ullah Jan
NA-13,Battagram,Khyber Pakhtunkhwa,"554,133",Pakistan Tehreek-e-Insaf,Muhammad Nawaz Khan
NA-13,Battagram,Khyber Pakhtunkhwa,"554,133",PMLN ,Moin Khan
NA-13,Battagram,Khyber Pakhtunkhwa,"554,133",Jamiat Ulema-e-Islam (F),Muhammad Yousaf
NA-13,Battagram,Khyber Pakhtunkhwa,"554,133",Jamaat-e-Islami Pakistan ,syed tariq Hussain Shah Sehrazi
NA-14,Mansehra,Khyber Pakhtunkhwa,"969,443",Pakistan Tehreek-e-Insaf,Muhammad Saleem Imran
NA-14,Mansehra,Khyber Pakhtunkhwa,"969,443",PPP,Muhammad Shuja Khan
NA-14,Mansehra,Khyber Pakhtunkhwa,"969,443",PMLN ,Sardar Muhammad Yousaf Zaman
NA-14,Mansehra,Khyber Pakhtunkhwa,"969,443",Jamaat-e-Islami Pakistan ,Muhammad Khalid
NA-15,Mansehra-cum-Tor Ghar,Khyber Pakhtunkhwa,"1,028,179",Pakistan Tehreek-e-Insaf,Shehzada Muhammad Gustasif Khan
NA-15,Mansehra-cum-Tor Ghar,Khyber Pakhtunkhwa,"1,028,179",PPP,Zar Gul Khan
NA-15,Mansehra-cum-Tor Ghar,Khyber Pakhtunkhwa,"1,028,179",PMLN ,Muhammad Nawaz Sharif
NA-15,Mansehra-cum-Tor Ghar,Khyber Pakhtunkhwa,"1,028,179",Jamiat Ulema-e-Islam (F),Mufti Kitayat Ullah
NA-15,Mansehra-cum-Tor Ghar,Khyber Pakhtunkhwa,"1,028,179",Pakistan Awami Thereek,Naseer khan
NA-15,Mansehra-cum-Tor Ghar,Khyber Pakhtunkhwa,"1,028,179",Pakistan Tahreek Insaf Parliamentarian,Saleh Muhmmad
NA-16,Abbottabad-1,Khyber Pakhtunkhwa,"699,311",Pakistan Tehreek-e-Insaf,Ali Asghar Khan
NA-16,Abbottabad-1,Khyber Pakhtunkhwa,"699,311",PPP,Noor ul Ain
NA-16,Abbottabad-1,Khyber Pakhtunkhwa,"699,311",PMLN ,Murtaza Javed Abbasi
NA-16,Abbottabad-1,Khyber Pakhtunkhwa,"699,311",Jamiat Ulema-e-Islam (F),Ahmed Naseer
NA-16,Abbottabad-1,Khyber Pakhtunkhwa,"699,311",Pakistan Awami Thereek,Muhammad Anwar Abbasi
NA-16,Abbottabad-1,Khyber Pakhtunkhwa,"699,311",Pakistan Tahreek Insaf Parliamentarian,Shamraiz Khan
NA-17,Abbottabad-2,Khyber Pakhtunkhwa,"719,761",Pakistan Tehreek-e-Insaf,Ali Khan Jadoon
NA-17,Abbottabad-2,Khyber Pakhtunkhwa,"719,761",PPP,Saleem Shah
NA-17,Abbottabad-2,Khyber Pakhtunkhwa,"719,761",PMLN ,Muhabbat Awan
NA-17,Abbottabad-2,Khyber Pakhtunkhwa,"719,761",Jamiat Ulema-e-Islam (F),Adnan Bin Abdul Aziz
NA-18,Haripur,Khyber Pakhtunkhwa,"1,174,783",Pakistan Tehreek-e-Insaf,Omar Ayub Khan
NA-18,Haripur,Khyber Pakhtunkhwa,"1,174,783",PPP,Syed Ali Zwari Hussain Naqvi
NA-18,Haripur,Khyber Pakhtunkhwa,"1,174,783",PMLN ,Babar Nawaz Khan
NA-18,Haripur,Khyber Pakhtunkhwa,"1,174,783",Jamiat Ulema-e-Islam (F),Muhammad Ayub
NA-19,Swabi-1,Khyber Pakhtunkhwa,"951,404",Pakistan Tehreek-e-Insaf,Asad Qaiser
NA-19,Swabi-1,Khyber Pakhtunkhwa,"951,404",PPP,Muhammad Bilal Khan Sher Pao
NA-19,Swabi-1,Khyber Pakhtunkhwa,"951,404",ANP ,Shahnawaz Khanzada
NA-19,Swabi-1,Khyber Pakhtunkhwa,"951,404",Jamiat Ulema-e-Islam (F),Fazal Ali
NA-19,Swabi-1,Khyber Pakhtunkhwa,"951,404",Jamaat-e-Islami Pakistan ,Umar Gul
NA-20,Swabi-2,Khyber Pakhtunkhwa,"943,196",Pakistan Tehreek-e-Insaf,Shahram Khan Tarakai
NA-20,Swabi-2,Khyber Pakhtunkhwa,"943,196",PPP,Usman Khan
NA-20,Swabi-2,Khyber Pakhtunkhwa,"943,196",ANP ,Waris Khan
NA-20,Swabi-2,Khyber Pakhtunkhwa,"943,196",Jamiat Ulema-e-Islam (F),Abdur Rahim Khan
NA-21,Mardan-1,Khyber Pakhtunkhwa,"976,527",Pakistan Tehreek-e-Insaf,Mujahid Khan
NA-21,Mardan-1,Khyber Pakhtunkhwa,"976,527",PPP,Asad Ullah Khan
NA-21,Mardan-1,Khyber Pakhtunkhwa,"976,527",ANP ,Muhammad Ali
NA-21,Mardan-1,Khyber Pakhtunkhwa,"976,527",Jamiat Ulema-e-Islam (F),Azam Khan
NA-22,Mardan-2,Khyber Pakhtunkhwa,"893,577",Pakistan Tehreek-e-Insaf,Muhammad Atif
NA-22,Mardan-2,Khyber Pakhtunkhwa,"893,577",PPP,Syed Abid Ali Shah
NA-22,Mardan-2,Khyber Pakhtunkhwa,"893,577",ANP ,Ameer Haider Azam Khan 
NA-22,Mardan-2,Khyber Pakhtunkhwa,"893,577",Jamiat Ulema-e-Islam (F),Nyaz Ali
NA-23,Mardan-3,Khyber Pakhtunkhwa,"874,794",Pakistan Tehreek-e-Insaf,Ali Muhammad Khan
NA-23,Mardan-3,Khyber Pakhtunkhwa,"874,794",PPP,Shoaib Alam Khan
NA-23,Mardan-3,Khyber Pakhtunkhwa,"874,794",PMLN ,Jalal Khan Khattak
NA-23,Mardan-3,Khyber Pakhtunkhwa,"874,794",ANP ,Ahmad Khan
NA-23,Mardan-3,Khyber Pakhtunkhwa,"874,794",Jamiat Ulema-e-Islam (F),Kaleem Ullah Khan
NA-24,Charsadda-1,Khyber Pakhtunkhwa,"926,066",Pakistan Tehreek-e-Insaf,Anwar Taj
NA-24,Charsadda-1,Khyber Pakhtunkhwa,"926,066",PPP,Shazia Tehmas Khan
NA-24,Charsadda-1,Khyber Pakhtunkhwa,"926,066",PMLN ,Farah Khan
NA-24,Charsadda-1,Khyber Pakhtunkhwa,"926,066",ANP ,Irfan Ali 
NA-24,Charsadda-1,Khyber Pakhtunkhwa,"926,066",Jamiat Ulema-e-Islam (F),Gohar Ali
NA-25,Charsadda-2,Khyber Pakhtunkhwa,"909,438",Pakistan Tehreek-e-Insaf,Fazal Muhammad Khan
NA-25,Charsadda-2,Khyber Pakhtunkhwa,"909,438",PPP,Aftab Alam
NA-25,Charsadda-2,Khyber Pakhtunkhwa,"909,438",ANP ,Aimal Wali Khan
NA-25,Charsadda-2,Khyber Pakhtunkhwa,"909,438",Jamiat Ulema-e-Islam (F),Molana Muhammad Gohar Shah
NA-25,Charsadda-2,Khyber Pakhtunkhwa,"909,438",Pakistan Tahreek Insaf Parliamentarian,Falak Niaz
NA-26,Mohmand,Khyber Pakhtunkhwa,"553,933",Pakistan Tehreek-e-Insaf,Sajid Khan
NA-26,Mohmand,Khyber Pakhtunkhwa,"553,933",PPP,Abdul Waheed Khan
NA-26,Mohmand,Khyber Pakhtunkhwa,"553,933",PMLN ,Zar Khan 
NA-26,Mohmand,Khyber Pakhtunkhwa,"553,933",ANP ,Nisar Ahmad
NA-26,Mohmand,Khyber Pakhtunkhwa,"553,933",Jamiat Ulema-e-Islam (F),Muhammad Arif
NA-26,Mohmand,Khyber Pakhtunkhwa,"553,933",Jamaat-e-Islami Pakistan ,Muhammad Saeed
NA-27,Khyber,Khyber Pakhtunkhwa,"1,146,267",Pakistan Tehreek-e-Insaf,Muhammad Iqbal Khan
NA-27,Khyber,Khyber Pakhtunkhwa,"1,146,267",PPP,Shah Rehman
NA-27,Khyber,Khyber Pakhtunkhwa,"1,146,267",PMLN ,Shah Jee Gul Afridi
NA-27,Khyber,Khyber Pakhtunkhwa,"1,146,267",ANP ,Shah Hussain
NA-27,Khyber,Khyber Pakhtunkhwa,"1,146,267",Jamiat Ulema-e-Islam (F),Hameed Ullab Jan Afridi
NA-28,Peshawar-1,Khyber Pakhtunkhwa,"985,067",Pakistan Tehreek-e-Insaf,Sajid Nawaz Khan
NA-28,Peshawar-1,Khyber Pakhtunkhwa,"985,067",PPP,Kiramat Ullah Khan
NA-28,Peshawar-1,Khyber Pakhtunkhwa,"985,067",ANP ,Muhammad Fayaz Khan
NA-28,Peshawar-1,Khyber Pakhtunkhwa,"985,067",Jamiat Ulema-e-Islam (F),Noor Alam Khan
NA-28,Peshawar-1,Khyber Pakhtunkhwa,"985,067",Jamaat-e-Islami Pakistan ,Muhammad Saeed
NA-29,Peshawar-2,Khyber Pakhtunkhwa,"917,781",Pakistan Tehreek-e-Insaf,Arbab Amir Ayub
NA-29,Peshawar-2,Khyber Pakhtunkhwa,"917,781",PPP,Malik Amjad Aziz Khan
NA-29,Peshawar-2,Khyber Pakhtunkhwa,"917,781",PMLN ,Sobia Shahid
NA-29,Peshawar-2,Khyber Pakhtunkhwa,"917,781",ANP ,Saqib Ullah Khan
NA-29,Peshawar-2,Khyber Pakhtunkhwa,"917,781",Jamiat Ulema-e-Islam (F),Akhunzada Irfan Ullah Shah
NA-29,Peshawar-2,Khyber Pakhtunkhwa,"917,781",PMLQ ,Riaz Ahmed Jan
NA-30,Peshawar-3,Khyber Pakhtunkhwa,"932,556",Pakistan Tehreek-e-Insaf,Shandana Gulzar
NA-30,Peshawar-3,Khyber Pakhtunkhwa,"932,556",PPP,Mishab ud Din
NA-30,Peshawar-3,Khyber Pakhtunkhwa,"932,556",PMLN ,Raees Khan
NA-30,Peshawar-3,Khyber Pakhtunkhwa,"932,556",ANP ,Zain Umar Arbab
NA-30,Peshawar-3,Khyber Pakhtunkhwa,"932,556",Jamiat Ulema-e-Islam (F),Nasir Khan
NA-30,Peshawar-3,Khyber Pakhtunkhwa,"932,556",Pakistan Tahreek Insaf Parliamentarian,Arbab Mohammad Haleem
NA-31,Peshawar-4,Khyber Pakhtunkhwa,"953,527",Pakistan Tehreek-e-Insaf,Sher Ali Arbab
NA-31,Peshawar-4,Khyber Pakhtunkhwa,"953,527",PPP,Arbab Alamgir Khan
NA-31,Peshawar-4,Khyber Pakhtunkhwa,"953,527",PMLN ,Sobia Shahid
NA-31,Peshawar-4,Khyber Pakhtunkhwa,"953,527",ANP ,Syed Haroon Shah
NA-31,Peshawar-4,Khyber Pakhtunkhwa,"953,527",Jamiat Ulema-e-Islam (F),Muhammad Saeed Jan
NA-31,Peshawar-4,Khyber Pakhtunkhwa,"953,527",Pakistan Tahreek Insaf Parliamentarian,Muhammad Saleem Akhtar Durrani
NA-32,Peshawar-5,Khyber Pakhtunkhwa,"969,831",Pakistan Tehreek-e-Insaf,Asif Khan
NA-32,Peshawar-5,Khyber Pakhtunkhwa,"969,831",PPP,Abid Ullah Khan
NA-32,Peshawar-5,Khyber Pakhtunkhwa,"969,831",PMLN ,Sher Rehman
NA-32,Peshawar-5,Khyber Pakhtunkhwa,"969,831",ANP ,Haji Ghulam Ahmad Bilour
NA-32,Peshawar-5,Khyber Pakhtunkhwa,"969,831",Jamiat Ulema-e-Islam (F),Hussain Ahmad Madni
NA-32,Peshawar-5,Khyber Pakhtunkhwa,"969,831",Pakistan Tahreek Insaf Parliamentarian,Abdul Waheed Khan
NA-33,Nowshera-1,Khyber Pakhtunkhwa,"895,313",Pakistan Tehreek-e-Insaf,Syed Shah Ahad Ali Shah
NA-33,Nowshera-1,Khyber Pakhtunkhwa,"895,313",PPP,Saleem Ullah Khan
NA-33,Nowshera-1,Khyber Pakhtunkhwa,"895,313",PMLN ,Ikhtiar Wali
NA-33,Nowshera-1,Khyber Pakhtunkhwa,"895,313",ANP ,Khan Parvez
NA-33,Nowshera-1,Khyber Pakhtunkhwa,"895,313",Jamiat Ulema-e-Islam (F),Ijaz Ul Haq
NA-33,Nowshera-1,Khyber Pakhtunkhwa,"895,313",Jamaat-e-Islami Pakistan ,Inayat Ur Rahman
NA-33,Nowshera-1,Khyber Pakhtunkhwa,"895,313",Pakistan Tahreek Insaf Parliamentarian,Prevez Khattak
NA-34,Nowshera-2,Khyber Pakhtunkhwa,"845,392",Pakistan Tehreek-e-Insaf,Zulfiqar
NA-34,Nowshera-2,Khyber Pakhtunkhwa,"845,392",PPP,Muhammad Idrees Khan
NA-34,Nowshera-2,Khyber Pakhtunkhwa,"845,392",PMLN ,Muhammad Kashif
NA-34,Nowshera-2,Khyber Pakhtunkhwa,"845,392",ANP ,Mian Babar Shah Kakakhel
NA-34,Nowshera-2,Khyber Pakhtunkhwa,"845,392",Jamiat Ulema-e-Islam (F),Pervaiz Khan Khattaq
NA-34,Nowshera-2,Khyber Pakhtunkhwa,"845,392",Pakistan Tahreek Insaf Parliamentarian,Imran Khattak
NA-35,Kohat,Khyber Pakhtunkhwa,"1,234,661",Pakistan Tehreek-e-Insaf,Shahriyar Afridi
NA-35,Kohat,Khyber Pakhtunkhwa,"1,234,661",PMLN ,Abbas Afridi
NA-35,Kohat,Khyber Pakhtunkhwa,"1,234,661",ANP ,Noor Aslam 
NA-35,Kohat,Khyber Pakhtunkhwa,"1,234,661",Jamiat Ulema-e-Islam (F),Gohar Muhammad Khan Bnagash
NA-36,Hangu-cum-Orakzai,Khyber Pakhtunkhwa,"916,463",Pakistan Tehreek-e-Insaf,Yousif Khan
NA-36,Hangu-cum-Orakzai,Khyber Pakhtunkhwa,"916,463",PPP,Malak Mumtaz Khan
NA-36,Hangu-cum-Orakzai,Khyber Pakhtunkhwa,"916,463",PMLN ,Alhaj Muhammad farid Mufakkar
NA-36,Hangu-cum-Orakzai,Khyber Pakhtunkhwa,"916,463",Jamiat Ulema-e-Islam (F),Ubaid Ullah
NA-36,Hangu-cum-Orakzai,Khyber Pakhtunkhwa,"916,463",Jamaat-e-Islami Pakistan ,Afrasiab
NA-37,Kurram,Khyber Pakhtunkhwa,"785,434",Pakistan Tehreek-e-Insaf,Hameed Hussain
NA-37,Kurram,Khyber Pakhtunkhwa,"785,434",PPP,Sajid Hussain Turi
NA-37,Kurram,Khyber Pakhtunkhwa,"785,434",PMLN ,Muhammad Ullah
NA-37,Kurram,Khyber Pakhtunkhwa,"785,434",Jamiat Ulema-e-Islam (F),Asmat Ullah
NA-37,Kurram,Khyber Pakhtunkhwa,"785,434",Jamaat-e-Islami Pakistan ,Abdur Rasheed Khan
NA-38,Karak,Khyber Pakhtunkhwa,"815,878",Pakistan Tehreek-e-Insaf,Shahid Ahmad Khattak
NA-38,Karak,Khyber Pakhtunkhwa,"815,878",PPP,Mehar Sultana
NA-38,Karak,Khyber Pakhtunkhwa,"815,878",PMLN ,Akhlaq Younas
NA-38,Karak,Khyber Pakhtunkhwa,"815,878",ANP ,Hamid Khan Toofan
NA-38,Karak,Khyber Pakhtunkhwa,"815,878",Jamiat Ulema-e-Islam (F),Shah Abdul Aziz
NA-39,Bannu,Khyber Pakhtunkhwa,"1,367,890",Pakistan Tehreek-e-Insaf,Naseem Ali Shah
NA-39,Bannu,Khyber Pakhtunkhwa,"1,367,890",PPP,Farzana Sherin
NA-39,Bannu,Khyber Pakhtunkhwa,"1,367,890",PMLN ,Ghani Ur Rehman
NA-39,Bannu,Khyber Pakhtunkhwa,"1,367,890",Jamiat Ulema-e-Islam (F),Zahid Akram Durrani
NA-39,Bannu,Khyber Pakhtunkhwa,"1,367,890",Jamaat-e-Islami Pakistan ,Muhammad Ibrahim Khan
NA-39,Bannu,Khyber Pakhtunkhwa,"1,367,890",Pakistan Tahreek Insaf Parliamentarian,Syed Qaiser Abbas Shah
NA-40,North Waziristan,Khyber Pakhtunkhwa,"693,332",Pakistan Tehreek-e-Insaf,Aurangzeb Khan
NA-40,North Waziristan,Khyber Pakhtunkhwa,"693,332",PMLN ,Muhammad Nazir Khan
NA-40,North Waziristan,Khyber Pakhtunkhwa,"693,332",ANP ,Ashraf Ullah 
NA-40,North Waziristan,Khyber Pakhtunkhwa,"693,332",Jamiat Ulema-e-Islam (F),Misbhau  din walid Ahmadu din 
NA-41,Lakki Marwat,Khyber Pakhtunkhwa,"1,040,856",Pakistan Tehreek-e-Insaf,Sher Afzal Marwat
NA-41,Lakki Marwat,Khyber Pakhtunkhwa,"1,040,856",PMLN,Mansoor Kamal Marwat
NA-41,Lakki Marwat,Khyber Pakhtunkhwa,"1,040,856",ANP,Muhammad Riaz Khan
NA-41,Lakki Marwat,Khyber Pakhtunkhwa,"1,040,856",Jamiat Ulema-e-Islam (F),Asjad Mahmood
NA-41,Lakki Marwat,Khyber Pakhtunkhwa,"1,040,856",Jamaat-e-Islami Pakistan ,Irfan Ullah
NA-42,South Waziristan Upper-cum-South Waziristan Lower,Khyber Pakhtunkhwa,"888,675",Pakistan Tehreek-e-Insaf,Zubair Khan Wazir
NA-42,South Waziristan Upper-cum-South Waziristan Lower,Khyber Pakhtunkhwa,"888,675",PPP,Anam Ullah
NA-42,South Waziristan Upper-cum-South Waziristan Lower,Khyber Pakhtunkhwa,"888,675",PMLN,Ghalib Khan
NA-42,South Waziristan Upper-cum-South Waziristan Lower,Khyber Pakhtunkhwa,"888,675",ANP,Hameed Ullah 
NA-42,South Waziristan Upper-cum-South Waziristan Lower,Khyber Pakhtunkhwa,"888,675",Jamiat Ulema-e-Islam (F),Muhammad Jamal ud Din
NA-43,Tank-cum-Dera lsmail Khan,Khyber Pakhtunkhwa,"764,095",Pakistan Tehreek-e-Insaf,Dawar Khan
NA-43,Tank-cum-Dera lsmail Khan,Khyber Pakhtunkhwa,"764,095",PPP,Anwar Saifullah Khan
NA-43,Tank-cum-Dera lsmail Khan,Khyber Pakhtunkhwa,"764,095",PMLN,Muhammad Akbar Khan
NA-43,Tank-cum-Dera lsmail Khan,Khyber Pakhtunkhwa,"764,095",ANP,Arshad Mansoor Shah
NA-43,Tank-cum-Dera lsmail Khan,Khyber Pakhtunkhwa,"764,095",Jamiat Ulema-e-Islam (F),Asad Mahmood
NA-43,Tank-cum-Dera lsmail Khan,Khyber Pakhtunkhwa,"764,095",Jamaat-e-Islami Pakistan ,Muhammad Imtiaz
NA-44,Dera lsmail Khan-1,Khyber Pakhtunkhwa,"772,742",Pakistan Tehreek-e-Insaf,Ayaz Amir
NA-44,Dera lsmail Khan-1,Khyber Pakhtunkhwa,"772,742",PPP,Faisal Karim Kundi
NA-44,Dera lsmail Khan-1,Khyber Pakhtunkhwa,"772,742",ANP,Sherullah Khan
NA-44,Dera lsmail Khan-1,Khyber Pakhtunkhwa,"772,742",Jamiat Ulema-e-Islam (F),FazI Ur Rahman
NA-44,Dera lsmail Khan-1,Khyber Pakhtunkhwa,"772,742",Pakistan Tehreek-e-Insaf,Syed Muhammad Jawad Asghar Shah
NA-45,Dera lsmail Khan-2,Khyber Pakhtunkhwa,"763,267",Pakistan Tehreek-e-Insaf,Muhammad Ruman Ahmad
NA-45,Dera lsmail Khan-2,Khyber Pakhtunkhwa,"763,267",PPP,Fateh Ullah Khan
NA-45,Dera lsmail Khan-2,Khyber Pakhtunkhwa,"763,267",ANP,Shahi Khan
NA-45,Dera lsmail Khan-2,Khyber Pakhtunkhwa,"763,267",Jamiat Ulema-e-Islam (F),Obaid Ur Rehman
NA-45,Dera lsmail Khan-2,Khyber Pakhtunkhwa,"763,267",Jamaat-e-Islami Pakistan ,Muhammad Ijaz
NA-46,ICT-1,Federal Capital,"782,561",Pakistan Tehreek-e-Insaf,Hassan Adeel Advocate
NA-46,ICT-1,Federal Capital,"782,561",PPP,Raja Imran Ashraf
NA-46,ICT-1,Federal Capital,"782,561",MQM,Shehzad Asif Javed
NA-46,ICT-1,Federal Capital,"782,561",PMLN,Anjum Aqeel Khan
NA-46,ICT-1,Federal Capital,"782,561",ANP,Saif ullah
NA-46,ICT-1,Federal Capital,"782,561",Jamaat-e-Islami Pakistan ,Mian Mohammad Aslam
NA-46,ICT-1,Federal Capital,"782,561",Pakistan Awami Thereek,Muhammad Shafique
NA-46,ICT-1,Federal Capital,"782,561",Pakistan Awami League,Nasir Mehmood
NA-47,ICT-2,Federal Capital,"800,692",Pakistan Tehreek-e-Insaf,Shaukat Iqbal Mirza
NA-47,ICT-2,Federal Capital,"800,692",PPP,Syed Sibtal Haider Bukhari
NA-47,ICT-2,Federal Capital,"800,692",MQM,Syed Nadeem Mansur
NA-47,ICT-2,Federal Capital,"800,692",TLP,Hafiz Khawar Ikhlas
NA-47,ICT-2,Federal Capital,"800,692",PMLN,Tariq Fazal Chaudhary
NA-47,ICT-2,Federal Capital,"800,692",ANP,Syed Masood Shah
NA-47,ICT-2,Federal Capital,"800,692",PMLQ,Syed Faqir Hussain Shah Bukhari 
NA-47,ICT-2,Federal Capital,"800,692",Pakistan Awami Thereek,Nasir Mehmood
NA-48,ICT-3,Federal Capital,"786,610",Pakistan Tehreek-e-Insaf,Chaudhary Ilyas
NA-48,ICT-3,Federal Capital,"786,610",PPP,Choudhary Asad Parvez
NA-48,ICT-3,Federal Capital,"786,610",Jamaat-e-Islami Pakistan ,MALIK ABDUL AZIZ
NA-49,Attock-1,Punjab,1126142,Pakistan Tehreek-e-Insaf,Sajid Yousaf
NA-49,Attock-1,Punjab,1126142,PPP,Khurram Shahzad
NA-49,Attock-1,Punjab,1126142,TLP,Hafiz Muhammad Hamid
NA-49,Attock-1,Punjab,1126142,PMLN,Sheikh Aftab Ahmad
NA-49,Attock-1,Punjab,1126142,Pakistan Awami Thereek,Muhammad Amir Awan
NA-50,Attock-2,Punjab,1044281,Pakistan Tehreek-e-Insaf,Qaisara Elahi
NA-50,Attock-2,Punjab,1044281,PPP,Saleem Haider
NA-50,Attock-2,Punjab,1044281,MQM,Sardar Ghulam Mujtaba Khan
NA-50,Attock-2,Punjab,1044281,PMLN,Malik Sohail Khan
NA-51,Rawalpindi-cumMurree,Punjab,853499,Pakistan Tehreek-e-Insaf,Syed Wajahat Shah
NA-51,Rawalpindi-cumMurree,Punjab,853499,PPP,Mehreen Anwar Raja
NA-51,Rawalpindi-cumMurree,Punjab,853499,TLP,Javed Akhtar Abbasi
NA-51,Rawalpindi-cumMurree,Punjab,853499,PMLN,Raja Usama Sarwar
NA-51,Rawalpindi-cumMurree,Punjab,853499,Pakistan Awami League,Amjad Arbab Abbasi
NA-52,Rawalpindi-1,Punjab,897744,Pakistan Tehreek-e-Insaf,Muhammad Ahmed Chattha
NA-52,Rawalpindi-1,Punjab,897744,PPP,Raja Pervez Ashraf
NA-52,Rawalpindi-1,Punjab,897744,TLP,Chaudhary Muhammad Riaz
NA-52,Rawalpindi-1,Punjab,897744,PMLN,Raja Muhammad javed Ikhlas
NA-53,Rawalpindi-2,Punjab,887380,Pakistan Tehreek-e-Insaf,Aniqa Bhatti
NA-53,Rawalpindi-2,Punjab,887380,MQM,munzleen
NA-53,Rawalpindi-2,Punjab,887380,TLP,Muhammad Taimoor Khalid
NA-53,Rawalpindi-2,Punjab,887380,PMLN,Raja Qamar Ul Islam
NA-53,Rawalpindi-2,Punjab,887380,Pakistan Awami Thereek,Sardar Muhammad Mansoor Khan
NA-54,Rawalpindi-3,Punjab,843410,Pakistan Tehreek-e-Insaf,Haji Imtiaz
NA-54,Rawalpindi-3,Punjab,843410,PPP,Syed Qamar Abbas
NA-54,Rawalpindi-3,Punjab,843410,TLP,Tahir Mehmood
NA-54,Rawalpindi-3,Punjab,843410,Pakistan Awami Thereek,Mudassar Hussain Shah
NA-54,Rawalpindi-3,Punjab,843410,Istehkam-e-Pakistan Party,Ghulam Sarwar Khan
NA-55,Rawalpindi-4,Punjab,828862,Pakistan Tehreek-e-Insaf,Kausar Parveen
NA-55,Rawalpindi-4,Punjab,828862,PPP,Babar Sultan Jadoon
NA-55,Rawalpindi-4,Punjab,828862,MQM,Raziq Mehmood Bhatti
NA-55,Rawalpindi-4,Punjab,828862,TLP,Faisal Ul Hasan Khan
NA-55,Rawalpindi-4,Punjab,828862,PMLN,Abrar Ahmad
NA-55,Rawalpindi-4,Punjab,828862,ANP,Muhammad Nabi
NA-55,Rawalpindi-4,Punjab,828862,Pakistan Awami Thereek,Nasir Mehmood
NA-55,Rawalpindi-4,Punjab,828862,Pakistan Awami League,Nasir Mehmood
NA-55,Rawalpindi-4,Punjab,828862,Istehkam-e-Pakistan Party,Nargis Jabeen
NA-56,Rawalpindi-5,Punjab,879357,Pakistan Tehreek-e-Insaf,Hafiz Hamid Raza
NA-56,Rawalpindi-5,Punjab,879357,PPP,Sumaira Gul
NA-56,Rawalpindi-5,Punjab,879357,MQM,Abid hussain
NA-56,Rawalpindi-5,Punjab,879357,TLP,Sajjad Akbar Abbasi
NA-56,Rawalpindi-5,Punjab,879357,PMLN,Muhammad Hanif Abbassi
NA-56,Rawalpindi-5,Punjab,879357,Pakistan Awami Thereek,Muhammad Nadeem
NA-56,Rawalpindi-5,Punjab,879357,Pakistan Awami League,Syed Mazhar Ali
NA-56,Rawalpindi-5,Punjab,879357,Istehkam-e-Pakistan Party,Sharjeel Meera 
NA-57,Rawalpindi-6,Punjab,928659,Pakistan Tehreek-e-Insaf,Rehana Imtiaz Dar
NA-57,Rawalpindi-6,Punjab,928659,PPP,Mukhtar Abbas
NA-57,Rawalpindi-6,Punjab,928659,TLP,Ch Rizwan Younis
NA-57,Rawalpindi-6,Punjab,928659,PMLN,Danyal Chaudhary
NA-57,Rawalpindi-6,Punjab,928659,Pakistan Awami Thereek,Amjad Arbab Abbasi
NA-57,Rawalpindi-6,Punjab,928659,Pakistan Awami League,Azmat Ali
NA-58,Chakwal,Punjab,880509,Pakistan Tehreek-e-Insaf,Amjad Ali Bajwa
NA-58,Chakwal,Punjab,880509,PPP,Zulfiqar Ali Khan
NA-58,Chakwal,Punjab,880509,MQM,Qalb Abbas Malik
NA-58,Chakwal,Punjab,880509,TLP,Raja Sohail Akhtar Salti
NA-58,Chakwal,Punjab,880509,PMLN,Tahir Iqbal
NA-58,Chakwal,Punjab,880509,ANP,Umar Khan
NA-58,Chakwal,Punjab,880509,Jamaat-e-Islami Pakistan ,MALIK ABDUL AZIZ
NA-59,Talagang cumChakwal,Punjab,854345,Pakistan Tehreek-e-Insaf,Ali Asjid Malhi
NA-59,Talagang cumChakwal,Punjab,854345,TLP,Muhammad Yaqub
NA-59,Talagang cumChakwal,Punjab,854345,PMLN,Sardar Ghulam Abbass
NA-59,Talagang cumChakwal,Punjab,854345,Jamaat-e-Islami Pakistan ,MUHAMMAD TAHIR MALIK
NA-60,Jhelum-1,Punjab,691625,Pakistan Tehreek-e-Insaf,Brig. Aslam Ghumman
NA-60,Jhelum-1,Punjab,691625,PPP,Chaudhry Tesneem Nasir
NA-60,Jhelum-1,Punjab,691625,MQM,Sheikh Qaisar Javed
NA-60,Jhelum-1,Punjab,691625,PMLN,Bila Azhar Kayani
NA-60,Jhelum-1,Punjab,691625,Pakistan Awami Thereek,Muhammad Aziz
NA-61,Jhelum-2,Punjab,690683,Pakistan Tehreek-e-Insaf,Dr. Tahir Ali Javed
NA-61,Jhelum-2,Punjab,690683,PPP,Syed Amir Hamza Peerzada
NA-61,Jhelum-2,Punjab,690683,TLP,Imran Haider
NA-61,Jhelum-2,Punjab,690683,PMLN,Chaudhary Farrukh Altaf
NA-62,Gujrat-1,Punjab,804655,Pakistan Tehreek-e-Insaf,Col. Javed Kholoon
NA-62,Gujrat-1,Punjab,804655,TLP,Syed Shamim Raza
NA-62,Gujrat-1,Punjab,804655,PMLN,Chaudhary Abid Raza
NA-62,Gujrat-1,Punjab,804655,PMLQ,Musa Ellahi
NA-62,Gujrat-1,Punjab,804655,Pakistan Awami Thereek,Naveed Akram
NA-63,Gujrat-2,Punjab,782935,Pakistan Tehreek-e-Insaf,Mrs. Rashida Tariq
NA-63,Gujrat-2,Punjab,782935,PPP,Chaudhry Shoukat Ali
NA-63,Gujrat-2,Punjab,782935,TLP,Muhammad Mehmood Qadri
NA-63,Gujrat-2,Punjab,782935,PMLN,Nawabzada Ghazanfar Ali Gul
NA-63,Gujrat-2,Punjab,782935,PMLQ,Hussain Ellahi
NA-63,Gujrat-2,Punjab,782935,Pakistan Awami Thereek,Mubashir Hussain
NA-64,Gujrat-3,Punjab,819831,Pakistan Tehreek-e-Insaf,Mubeen Arif Jatt
NA-64,Gujrat-3,Punjab,819831,PPP,Mubeen Arshad
NA-64,Gujrat-3,Punjab,819831,TLP,Chaudhary Abdul Qadeer
NA-64,Gujrat-3,Punjab,819831,PMLQ,Chaudhry Salik Hussain
NA-64,Gujrat-3,Punjab,819831,Pakistan Awami Thereek,Muhammad Yousaf
NA-65,Gujrat-4,Punjab,811954,Pakistan Tehreek-e-Insaf,Ehsan Ullah Virk
NA-65,Gujrat-4,Punjab,811954,PPP,Qamar Zaman Kaira
NA-65,Gujrat-4,Punjab,811954,TLP,Mudassar Ali
NA-65,Gujrat-4,Punjab,811954,PMLN,Chaudhary Naseer Ahmad Abbass
NA-65,Gujrat-4,Punjab,811954,Pakistan Awami Thereek,Muhammad Ayub Butt
NA-66,Wazirabad,Punjab,993412,Pakistan Tehreek-e-Insaf,Lala Asad Ullah Papa
NA-66,Wazirabad,Punjab,993412,PPP,Ejaz Ahmad Samma
NA-66,Wazirabad,Punjab,993412,TLP,Muhammad Akram
NA-66,Wazirabad,Punjab,993412,PMLN,Nisar Ahmad Cheema
NA-66,Wazirabad,Punjab,993412,Pakistan Awami Thereek,Asjad Hussain 
NA-67,Hafizabad,Punjab,963865,Pakistan Tehreek-e-Insaf,Bilal Ejaz
NA-67,Hafizabad,Punjab,963865,PPP,Syed Waseem Ul Hassan Naqvi
NA-67,Hafizabad,Punjab,963865,MQM,Mazhar Hussain
NA-67,Hafizabad,Punjab,963865,TLP,Syed Muhammad Atta Ul Hasnain Ali
NA-67,Hafizabad,Punjab,963865,PMLN,Saira Tarar
NA-68,M.B.Din-1,Punjab,936239,Pakistan Tehreek-e-Insaf,Haroon Ehsan Paracha
NA-68,M.B.Din-1,Punjab,936239,PPP,Aasif Bashir
NA-68,M.B.Din-1,Punjab,936239,MQM,Irfan Siddique
NA-68,M.B.Din-1,Punjab,936239,TLP,Muhammad Akram Tahir
NA-68,M.B.Din-1,Punjab,936239,PMLN,Mushahid Raza
NA-69,M.B.Din-2,Punjab,893247,Pakistan Tehreek-e-Insaf,Osama Maila
NA-69,M.B.Din-2,Punjab,893247,PPP,Fakhar Umar Hayat
NA-69,M.B.Din-2,Punjab,893247,TLP,Shehzad Ullah Chatha
NA-69,M.B.Din-2,Punjab,893247,PMLN,Nasir Iqbal Bosal
NA-69,M.B.Din-2,Punjab,893247,ANP,Munir Shah
NA-70,Sialkot-1,Punjab,904535,Pakistan Tehreek-e-Insaf,Shafqat Awan Advocate
NA-70,Sialkot-1,Punjab,904535,PPP,Syed Istiaq Ul Hassan Gilani
NA-70,Sialkot-1,Punjab,904535,TLP,Muhammad Shahid
NA-70,Sialkot-1,Punjab,904535,PMLN,Chaudhary Armghan Subhani
NA-70,Sialkot-1,Punjab,904535,Istehkam-e-Pakistan Party,Dr Firdous Awan
NA-71,Sialkot-2,Punjab,938691,Pakistan Tehreek-e-Insaf,Khudada Kalyar advocate
NA-71,Sialkot-2,Punjab,938691,PPP,Khuwaja Awais Mushtaq
NA-71,Sialkot-2,Punjab,938691,MQM,CH Muhammad sarwar
NA-71,Sialkot-2,Punjab,938691,TLP,Muhammad Aslam
NA-71,Sialkot-2,Punjab,938691,PMLN,Khuwaja Muhammad Asif
NA-71,Sialkot-2,Punjab,938691,Pakistan Awami Thereek,Mian Muhammad Raza
NA-72,Sialkot-3,Punjab,931550,Pakistan Tehreek-e-Insaf,Muhammad Miqdad Ali Khan
NA-72,Sialkot-3,Punjab,931550,PPP,Nadeem Ahmad Awan
NA-72,Sialkot-3,Punjab,931550,TLP,Shujaat Ali
NA-72,Sialkot-3,Punjab,931550,PMLN,Ali Zahid
NA-72,Sialkot-3,Punjab,931550,Pakistan Awami Thereek,Sohail Babar
NA-73,Sialkot-4,Punjab,868914,Pakistan Tehreek-e-Insaf,Malik Omar Aslam
NA-73,Sialkot-4,Punjab,868914,PPP,Rana Mahmood Ashraf
NA-73,Sialkot-4,Punjab,868914,TLP,Tariq Maqsood
NA-73,Sialkot-4,Punjab,868914,PMLN,Nosheen Iftikhar
NA-73,Sialkot-4,Punjab,868914,Pakistan Awami Thereek,Gulam Murtaza
NA-74,Sialkot-5,Punjab,855704,Pakistan Tehreek-e-Insaf,Akram Niazi Advocate
NA-74,Sialkot-5,Punjab,855704,PPP,Choudhry Ijaz Ahmad Cheema
NA-74,Sialkot-5,Punjab,855704,MQM,Mahrukh Mirza
NA-74,Sialkot-5,Punjab,855704,TLP,Sajjad Hussain Shah
NA-74,Sialkot-5,Punjab,855704,PMLN,Rana Shamim Ahmad Khan
NA-75,Narowal-1,Punjab,995071,Pakistan Tehreek-e-Insaf,Jamal Ahsan Khan
NA-75,Narowal-1,Punjab,995071,PPP,Tariq Javed Manzoor
NA-75,Narowal-1,Punjab,995071,TLP,Muhammad Ahsan
NA-75,Narowal-1,Punjab,995071,PMLN,Anwar ul Haq Chaudhary
NA-75,Narowal-1,Punjab,995071,Pakistan Awami Thereek,Syed Abrar Hussain 
NA-76,Narowal-2,Punjab,955883,Pakistan Tehreek-e-Insaf,Umair Khan Niazi
NA-76,Narowal-2,Punjab,955883,PPP,Sakhawat Masih
NA-76,Narowal-2,Punjab,955883,TLP,Syed Jehanzaib Bukhari
NA-76,Narowal-2,Punjab,955883,PMLN,Ahsan Iqbal Chaudhary
NA-76,Narowal-2,Punjab,955883,Jamaat-e-Islami Pakistan ,Altaf Ahmad Khan
NA-77,Gujranwala-1,Punjab,1098586,Pakistan Tehreek-e-Insaf,Sanaullah Mastikhel
NA-77,Gujranwala-1,Punjab,1098586,PPP,Imtiaz Safdar Warriach
NA-77,Gujranwala-1,Punjab,1098586,PMLN,Ch Mahmood Bashir Virk
NA-77,Gujranwala-1,Punjab,1098586,Pakistan Awami Thereek,Muhammad Ijaz Arshad 
NA-78,Gujranwala-2,Punjab,1081071,Pakistan Tehreek-e-Insaf,Zaheer Abbas Naqvi
NA-78,Gujranwala-2,Punjab,1081071,PPP,Haris Meeran
NA-78,Gujranwala-2,Punjab,1081071,MQM,Farruk Hussain
NA-78,Gujranwala-2,Punjab,1081071,TLP,Muhammad Kamran
NA-78,Gujranwala-2,Punjab,1081071,PMLN,Khurram Dastgir Khan
NA-78,Gujranwala-2,Punjab,1081071,PMLQ,Muhammad Ishaq
NA-78,Gujranwala-2,Punjab,1081071,Pakistan Awami Thereek,Pervaiz Abid Haral
NA-79,Gujranwala-3,Punjab,1039703,Pakistan Tehreek-e-Insaf,Ghulam Muhammad Lalli
NA-79,Gujranwala-3,Punjab,1039703,PPP,Muhammad Shakeel Ur Rehman
NA-79,Gujranwala-3,Punjab,1039703,TLP,Muhammad Habib
NA-79,Gujranwala-3,Punjab,1039703,PMLN,Zulfiqar Ahmad
NA-80,Gujranwala-4,Punjab,1068215,Pakistan Tehreek-e-Insaf,Mehar Khalid
NA-80,Gujranwala-4,Punjab,1068215,PPP,Imran
NA-80,Gujranwala-4,Punjab,1068215,TLP,Muhammad Rafiq
NA-80,Gujranwala-4,Punjab,1068215,PMLN,Shahid Usman
NA-80,Gujranwala-4,Punjab,1068215,Pakistan Awami Thereek,Muhammad Shehzad
NA-81,Gujranwala-cumHafizabad,Punjab,1034807,Pakistan Tehreek-e-Insaf,Ali Afzal Sahi
NA-81,Gujranwala-cumHafizabad,Punjab,1034807,PPP,Muhammad Malik
NA-81,Gujranwala-cumHafizabad,Punjab,1034807,MQM,Usman Ghani
NA-81,Gujranwala-cumHafizabad,Punjab,1034807,TLP,Zulfiqar Ali
NA-81,Gujranwala-cumHafizabad,Punjab,1034807,PMLN,Azhar Qayyum Nahra
NA-82,Sargodha-1,Punjab,849601,Pakistan Tehreek-e-Insaf,Rai Haider Kharal
NA-82,Sargodha-1,Punjab,849601,PPP,Nadeem Afzal Gondal
NA-82,Sargodha-1,Punjab,849601,TLP,Saqib Hussain
NA-82,Sargodha-1,Punjab,849601,PMLN,Mukhtar Ahmad Malik
NA-83,Sargodha-2,Punjab,866093,Pakistan Tehreek-e-Insaf,Saad Ullah Baloch
NA-83,Sargodha-2,Punjab,866093,PPP,Rao Abdul Ghaffar
NA-83,Sargodha-2,Punjab,866093,TLP,Muhammad Younis
NA-83,Sargodha-2,Punjab,866093,PMLN,Mohsin Nawaz Ranjha
NA-84,Sargodha-3,Punjab,888239,Pakistan Tehreek-e-Insaf,Hafiz Mumtaz
NA-84,Sargodha-3,Punjab,888239,PPP,Tasneem Ahmad Qureshi
NA-84,Sargodha-3,Punjab,888239,TLP,Muhammad Munir
NA-84,Sargodha-3,Punjab,888239,PMLN,Liaqat Ali Khan
NA-85,Sargodha-4,Punjab,869880,Pakistan Tehreek-e-Insaf,Malik Umar Farooq
NA-85,Sargodha-4,Punjab,869880,PPP,Tariq Mahmood
NA-85,Sargodha-4,Punjab,869880,TLP,Chaudhary Al Hamza Husain cheema
NA-85,Sargodha-4,Punjab,869880,PMLN,Zulfiqar Ali Bhatti
NA-86,Sargodha-5,Punjab,860635,Pakistan Tehreek-e-Insaf,Dr. Nisar Jutt
NA-86,Sargodha-5,Punjab,860635,PPP,Muhammad Jamshed
NA-86,Sargodha-5,Punjab,860635,TLP,Haji Allah Dad
NA-86,Sargodha-5,Punjab,860635,PMLN,Syed Javed Hasnain
NA-86,Sargodha-5,Punjab,860635,IPP,Rana Nazir Khan
NA-87,Khushab-1,Punjab,767177,Pakistan Tehreek-e-Insaf,Rana Atif
NA-87,Khushab-1,Punjab,767177,PPP,Muhammad Ali Sawal
NA-87,Khushab-1,Punjab,767177,TLP,Zammurad Abbas Khan
NA-87,Khushab-1,Punjab,767177,PMLN,Malik Shakir Bashir Awan 
NA-87,Khushab-1,Punjab,767177,ANP,Bahadar Khan 
NA-87,Khushab-1,Punjab,767177,PAT,Haji Fateh Din
NA-88,Khushab-2,Punjab,733912,Pakistan Tehreek-e-Insaf,Changez Khan Kakar
NA-88,Khushab-2,Punjab,733912,TLP,Hafiz Sher Muhammad Sialvi
NA-88,Khushab-2,Punjab,733912,IPP,Gul Asgher
NA-89,Mianwali-1,Punjab,898644,Pakistan Tehreek-e-Insaf,Ali Sarfaraz
NA-89,Mianwali-1,Punjab,898644,PPP,Nawab Malik Amir Muhmmad Khan
NA-89,Mianwali-1,Punjab,898644,TLP,Muhammad Amin uddin Sialvi
NA-89,Mianwali-1,Punjab,898644,PMLN,Obaid Ullah Khan
NA-90,Mianwali-2,Punjab,899624,Pakistan Tehreek-e-Insaf,Sahibzada Hamid Raza
NA-90,Mianwali-2,Punjab,899624,PPP,Aziz Ur Rehman
NA-90,Mianwali-2,Punjab,899624,TLP,Muhammad Tayyab
NA-90,Mianwali-2,Punjab,899624,PMLN,Muhammad Humair Hayat Khan Niazi
NA-91,Bhakkar-1,Punjab,936833,Pakistan Tehreek-e-Insaf,Usama Hamza
NA-91,Bhakkar-1,Punjab,936833,PPP,Ejaz Ali khan Shahani
NA-91,Bhakkar-1,Punjab,936833,TLP,Muhammad Younas
NA-91,Bhakkar-1,Punjab,936833,PMLN,AbdulMajeed khan
NA-92,Bhakkar-2,Punjab,1020637,Pakistan Tehreek-e-Insaf,Khalid Nawaz Sudharich
NA-92,Bhakkar-2,Punjab,1020637,PPP,Ejaz Ali khan Shahani
NA-92,Bhakkar-2,Punjab,1020637,TLP,Muhammad Amjad Jameel
NA-93,Chiniot-1,Punjab,745298,Pakistan Tehreek-e-Insaf,Riyaz Fatyana
NA-93,Chiniot-1,Punjab,745298,PPP,Allah Yar
NA-93,Chiniot-1,Punjab,745298,TLP,Muhammas Sarfaraz
NA-93,Chiniot-1,Punjab,745298,PMLN,Syed Muhammad Raza Bukhari
NA-94,Chiniot-2,Punjab,817726,Pakistan Tehreek-e-Insaf,Sahibzada Mehboob Sultan
NA-94,Chiniot-2,Punjab,817726,PPP,Syed Inayat Ali Shah
NA-94,Chiniot-2,Punjab,817726,TLP,Rehmat Ullah
NA-94,Chiniot-2,Punjab,817726,PMLN,Qaiser Ahmad Shiekh
NA-94,Chiniot-2,Punjab,817726,ANP,Muhammad Kamal
NA-94,Chiniot-2,Punjab,817726,PMLQ,Arshad Ahmed Qamar
NA-95,Faisalabad-1,Punjab,898613,Pakistan Tehreek-e-Insaf,Sheikh Waqas Akram
NA-95,Faisalabad-1,Punjab,898613,PPP,Usman Nawaz
NA-95,Faisalabad-1,Punjab,898613,TLP,Ghulam Meeran Shah Gillani
NA-95,Faisalabad-1,Punjab,898613,PMLN,Azad Ali Tabassum
NA-95,Faisalabad-1,Punjab,898613,PAT,Khalil ur Rehman
NA-96,Faisalabad-2,Punjab,897367,Pakistan Tehreek-e-Insaf,Sahibzada Ameer Sultan
NA-96,Faisalabad-2,Punjab,897367,PPP,Muhammad Shahjahan Khan
NA-96,Faisalabad-2,Punjab,897367,TLP,Syed Asif Ullah Shah Bukhari
NA-96,Faisalabad-2,Punjab,897367,PMLN,Nawab Sher
NA-97,Faisalabad-3,Punjab,866762,Pakistan Tehreek-e-Insaf,Arshad Sahi
NA-97,Faisalabad-3,Punjab,866762,PPP,Muhammad Khan Nadeem
NA-97,Faisalabad-3,Punjab,866762,TLP,Hafiz Abid Hussain
NA-97,Faisalabad-3,Punjab,866762,PMLN,Ali Gohar Khan
NA-97,Faisalabad-3,Punjab,866762,IPP,Humayun Akhtar
NA-98,Faisalabad-4,Punjab,883290,Pakistan Tehreek-e-Insaf,Brig Ejaz Shah
NA-98,Faisalabad-4,Punjab,883290,PPP,Rana Muhammad Farooq Saeed Khan
NA-98,Faisalabad-4,Punjab,883290,TLP,Muhammad Jawad Saleem
NA-98,Faisalabad-4,Punjab,883290,PMLN,Ch Muhammad Shahbaz Babar
NA-98,Faisalabad-4,Punjab,883290,PAT,Muhammad Usman
NA-99,Faisalabad-5,Punjab,899991,Pakistan Tehreek-e-Insaf,Brig Rahat Amanullah Bhatti
NA-99,Faisalabad-5,Punjab,899991,PPP,Neha Javed
NA-99,Faisalabad-5,Punjab,899991,TLP,Imran Khan
NA-99,Faisalabad-5,Punjab,899991,PMLN,Muhammad Qasim Farooq
NA-100,Faisalabad-6,Punjab,902642,Pakistan Tehreek-e-Insaf,Arshad Mehmood Chaudhary
NA-100,Faisalabad-6,Punjab,902642,PPP,Sidra Saeed
NA-100,Faisalabad-6,Punjab,902642,TLP,Abrar Hussain
NA-100,Faisalabad-6,Punjab,902642,PMLN,Rana Sana Ullah Khan
NA-101,Faisalabad-7,Punjab,926000,Pakistan Tehreek-e-Insaf,Khurram Shahzad Virk
NA-101,Faisalabad-7,Punjab,926000,TLP,Muhammasd Asad Iqbal
NA-101,Faisalabad-7,Punjab,926000,PMLN,Irfan Ahmad
NA-102,Faisalabad-8,Punjab,937233,Pakistan Tehreek-e-Insaf,Khurram Munj
NA-102,Faisalabad-8,Punjab,937233,PPP,Naeem Dastgir Khan
NA-102,Faisalabad-8,Punjab,937233,TLP,Raja Saleem Abid
NA-102,Faisalabad-8,Punjab,937233,PMLN,Abid Sher Ali
NA-103,Faisalabad-9,Punjab,934827,Pakistan Tehreek-e-Insaf,Ali Ejaz Bhuttar
NA-103,Faisalabad-9,Punjab,934827,PPP,Rana Mubashar Hussain
NA-103,Faisalabad-9,Punjab,934827,MQM,Muhammad Amin
NA-103,Faisalabad-9,Punjab,934827,TLP,Muhammad Gulam Rasool
NA-103,Faisalabad-9,Punjab,934827,PMLN,Haji Muhammad Akram Ansari
NA-104,Faisalabad-10,Punjab,929094,Pakistan Tehreek-e-Insaf,Aliya Hamza
NA-104,Faisalabad-10,Punjab,929094,PPP,Basharat Ali / Faqir Muhammad
NA-104,Faisalabad-10,Punjab,929094,TLP,Hafiz Muhammad Abu Bakar
NA-104,Faisalabad-10,Punjab,929094,PMLN,Danyal Ahmed
NA-104,Faisalabad-10,Punjab,929094,PAT,Abid hussain
NA-105,T.T.Singh-1,Punjab,805599,Pakistan Tehreek-e-Insaf,Shahzad Farooq
NA-105,T.T.Singh-1,Punjab,805599,PPP,Sarshar Hassan Cheema
NA-105,T.T.Singh-1,Punjab,805599,TLP,Sarshar Hassan Cheema
NA-105,T.T.Singh-1,Punjab,805599,PMLN,Chaudhary Khalid Javed
NA-106,T.T.Singh-2,Punjab,827193,Pakistan Tehreek-e-Insaf,Usman Hamza Awan
NA-106,T.T.Singh-2,Punjab,827193,PPP,Muhammad Zulfiqar Ali
NA-106,T.T.Singh-2,Punjab,827193,TLP ,Mohsin Raza
NA-106,T.T.Singh-2,Punjab,827193,PMLN,M. Junaid Anwar Chaudhary
NA-107,T.T.Singh-3,Punjab,879171,Pakistan Tehreek-e-Insaf,Wasim Qadir
NA-107,T.T.Singh-3,Punjab,879171,PPP,Amjad Yaqub
NA-107,T.T.Singh-3,Punjab,879171,TLP,Hafiz Farruk Saleem
NA-107,T.T.Singh-3,Punjab,879171,PMLN,Ch Asad ur Rahman
NA-108,Jhang-1,Punjab,1007633,Pakistan Tehreek-e-Insaf,Latif Khan Khosa
NA-108,Jhang-1,Punjab,1007633,PPP,Muhammad Haider Shah
NA-108,Jhang-1,Punjab,1007633,TLP,Muhammad Ramzan
NA-108,Jhang-1,Punjab,1007633,PMLN,Makhdoom Faisal Saleh Hayat
NA-109,Jhang-2,Punjab,1041240,Pakistan Tehreek-e-Insaf,Afzaal Azeem Pahat Advocate
NA-109,Jhang-2,Punjab,1041240,PPP,Muhammad Hyder Ali Bokhari
NA-109,Jhang-2,Punjab,1041240,TLP,Nasir Ali
NA-109,Jhang-2,Punjab,1041240,PMLN,Muhammad Yaqub Sheikh
NA-110,Jhang-3,Punjab,1028847,Pakistan Tehreek-e-Insaf,Zameer Jedhu Advocate
NA-110,Jhang-3,Punjab,1028847,PPP,Umar Aftab
NA-110,Jhang-3,Punjab,1028847,TLP,Muhammad Amad Khan Wajid
NA-110,Jhang-3,Punjab,1028847,PMLN,Muhammad Asif Muawia
NA-111,nankana Sahib-1,Punjab,819869,Pakistan Tehreek-e-Insaf,Rana Javed Umar
NA-111,nankana Sahib-1,Punjab,819869,PPP,Muhammad Waqas
NA-111,nankana Sahib-1,Punjab,819869,TLP,Muhammad Rizwan
NA-111,nankana Sahib-1,Punjab,819869,PMLN,Muhammad Barjees Tahir
NA-112,nankana Sahib-2,Punjab,815002,Pakistan Tehreek-e-Insaf,Malik Touqeer Khokhar
NA-112,nankana Sahib-2,Punjab,815002,PPP,Shahjahan Ahmad Bhatti
NA-112,nankana Sahib-2,Punjab,815002,MQM,Agha Muhammad Ali Khan
NA-112,nankana Sahib-2,Punjab,815002,TLP,Abrar Ahmed
NA-112,nankana Sahib-2,Punjab,815002,PMLN,Shezra Mansab Ali Khan Kharal
NA-113,Sheikhupura-1,Punjab,1066976,Pakistan Tehreek-e-Insaf,Zaheer Abbas Khokar
NA-113,Sheikhupura-1,Punjab,1066976,PPP,Sabir Hussain
NA-113,Sheikhupura-1,Punjab,1066976,TLP,Muhammad Nouman Khalid
NA-113,Sheikhupura-1,Punjab,1066976,PMLN,Ahmad Atteeq Anwer
NA-113,Sheikhupura-1,Punjab,1066976,PAT,Muhammad Asif Sulehria
NA-114,Sheikhupura-2,Punjab,991233,Pakistan Tehreek-e-Insaf,Salman Akram Raja Advocate
NA-114,Sheikhupura-2,Punjab,991233,PPP,Sardar Ali
NA-114,Sheikhupura-2,Punjab,991233,TLP,Asif Mehmood
NA-114,Sheikhupura-2,Punjab,991233,PMLN,Rana  Tanveer Hussain
NA-114,Sheikhupura-2,Punjab,991233,PAT,Muhammad khalil
NA-115,Sheikhupura-3,Punjab,1010658,Pakistan Tehreek-e-Insaf,Mian Muhammad Azhar
NA-115,Sheikhupura-3,Punjab,1010658,PPP,Altaf Hussain Virk
NA-115,Sheikhupura-3,Punjab,1010658,TLP,Nadeem Zafar
NA-115,Sheikhupura-3,Punjab,1010658,PMLN,Javed Latif
NA-115,Sheikhupura-3,Punjab,1010658,PAT,Shafique Ahmad
NA-116,Sheikhupura-4,Punjab,980551,Pakistan Tehreek-e-Insaf,Dr. Yasmeen Rashid
NA-116,Sheikhupura-4,Punjab,980551,PPP,Ria Ijaz Ahmad khan
NA-116,Sheikhupura-4,Punjab,980551,TLP,Syed Zaheer ul Hassan Bukhari
NA-116,Sheikhupura-4,Punjab,980551,PMLN,Sardar Muhammad Irfan Dogar
NA-117,Lahore-1,Punjab,902499,Pakistan Tehreek-e-Insaf,Maqsood Sabir Ansari
NA-117,Lahore-1,Punjab,902499,PPP,Syed Asif Akhtar Hashmi
NA-117,Lahore-1,Punjab,902499,TLP,Saif ur Rehman
NA-117,Lahore-1,Punjab,902499,IPP,Abdul Aleem Khan 
NA-118,Lahore-2,Punjab,965233,Pakistan Tehreek-e-Insaf,Sardar M Hussain Dogar
NA-118,Lahore-2,Punjab,965233,PPP,Shahid Abbas
NA-118,Lahore-2,Punjab,965233,TLP,Abid Hussain
NA-118,Lahore-2,Punjab,965233,PMLN,Muhammad Hamza Shehbaz Sharif
NA-119,Lahore-3,Punjab,916577,Pakistan Tehreek-e-Insaf,Dr. Azeem Zahid Lakhvi
NA-119,Lahore-3,Punjab,916577,PPP,Iftikhar Shahid
NA-119,Lahore-3,Punjab,916577,MQM,Kiran Muhammad Ali
NA-119,Lahore-3,Punjab,916577,TLP,Muhammad Zaheer
NA-119,Lahore-3,Punjab,916577,PMLN,Maryam Nawaz Sharif
NA-120,Lahore-4,Punjab,937239,Pakistan Tehreek-e-Insaf,Sidra Faisal
NA-120,Lahore-4,Punjab,937239,PPP,Munir Ahmad
NA-120,Lahore-4,Punjab,937239,TLP,Rashid Ali
NA-120,Lahore-4,Punjab,937239,PMLN,Sardar Ayaz Sadiq
NA-121,Lahore-5,Punjab,902684,Pakistan Tehreek-e-Insaf,Wasim Qadir
NA-121,Lahore-5,Punjab,902684,PPP,Iftikhar Shahid
NA-121,Lahore-5,Punjab,902684,MQM ,Imran Ashraf
NA-121,Lahore-5,Punjab,902684,TLP,Muhammad Yousaf
NA-121,Lahore-5,Punjab,902684,PMLN ,Sheikh Rohale Asghar
NA-121,Lahore-5,Punjab,902684,Jamaat-e-Islami Pakistan ,Amir Siddiqui
NA-122,Lahore-6,Punjab,953104,Pakistan Tehreek-e-Insaf,Latif Khan Khosa
NA-122,Lahore-6,Punjab,953104,TLP,Muhammad Imtiaz
NA-122,Lahore-6,Punjab,953104,PMLN ,khuwaja Saad Rafique
NA-123,Lahore-7,Punjab,911608,Pakistan Tehreek-e-Insaf,Afzaal Azeem Pahat Advocate
NA-123,Lahore-7,Punjab,911608,PPP,Muhammad Zia Ul Haq
NA-123,Lahore-7,Punjab,911608,TLP,Amjad Naeem
NA-123,Lahore-7,Punjab,911608,PMLN ,Mian Muhammad Shehbaz Sharif
NA-123,Lahore-7,Punjab,911608,Pakistan Awami Thereek,Latif Ahmad Hussain
NA-124,Lahore-8,Punjab,901447,Pakistan Tehreek-e-Insaf,Zameer Jedhu Advocate
NA-124,Lahore-8,Punjab,901447,TLP,Irfan Ali Bhatti
NA-124,Lahore-8,Punjab,901447,PMLN ,Rana Mubashir Iqbal
NA-124,Lahore-8,Punjab,901447,Pakistan Awami Thereek,Mujahid Mahmood
NA-125,Lahore-9,Punjab,899803,Pakistan Tehreek-e-Insaf,Rana Javed Umar
NA-125,Lahore-9,Punjab,899803,PPP,Chaudhry Abdul Ghafoor Khan
NA-125,Lahore-9,Punjab,899803,BAP,Jahanzeb Khan
NA-125,Lahore-9,Punjab,899803,TLP,Khuram Shehzad
NA-125,Lahore-9,Punjab,899803,PMLN ,Muhammad Afzal
NA-125,Lahore-9,Punjab,899803,Pakistan Awami Thereek,Ahmad ikhwan
NA-126,Lahore-10,Punjab,938880,Pakistan Tehreek-e-Insaf,Malik Touqeer Khokhar
NA-126,Lahore-10,Punjab,938880,PPP,Amjad Ali
NA-126,Lahore-10,Punjab,938880,TLP,Muhammad Ahmed Majeed
NA-126,Lahore-10,Punjab,938880,PMLN ,Malik Saif ul Malook Khokhar
NA-127,Lahore-11,Punjab,972875,Pakistan Tehreek-e-Insaf,Zaheer Abbas Khokar
NA-127,Lahore-11,Punjab,972875,PPP,Bilawal Bhutto Zardari
NA-127,Lahore-11,Punjab,972875,TLP,Matloob Ahmed
NA-127,Lahore-11,Punjab,972875,PMLN ,Attaullah Tarar
NA-128,Lahore-12,Punjab,970499,Pakistan Tehreek-e-Insaf,Salman Akram Raja Advocate
NA-128,Lahore-12,Punjab,970499,PPP,Taimoor Tahir
NA-128,Lahore-12,Punjab,970499,MQM ,Agha Muhammad Ali Khan
NA-128,Lahore-12,Punjab,970499,TLP,Asim Irshad Khan
NA-128,Lahore-12,Punjab,970499,Istehkam-e-Pakistan Party,Awn Chaudhry
NA-129,Lahore-13,Punjab,907779,Pakistan Tehreek-e-Insaf,Mian Muhammad Azhar
NA-129,Lahore-13,Punjab,907779,PPP,Aurangzeb Shaafi Burki
NA-129,Lahore-13,Punjab,907779,TLP,Bilal Liaquat
NA-129,Lahore-13,Punjab,907779,PMLN ,Muhammad Numan
NA-130,Lahore-14,Punjab,923908,Pakistan Tehreek-e-Insaf,Dr. Yasmeen Rashid
NA-130,Lahore-14,Punjab,923908,PPP,Iqbal Ahmad Khan
NA-130,Lahore-14,Punjab,923908,TLP,Muhammad Khuram Riaz
NA-130,Lahore-14,Punjab,923908,PMLN ,Muhammad Nawaz Sharif
NA-131,Kasur-1,Punjab,1040674,Pakistan Tehreek-e-Insaf,barrister Taimur Malik
NA-131,Kasur-1,Punjab,1040674,PPP,Chaudhry Manzoor Ahmad
NA-131,Kasur-1,Punjab,1040674,TLP,Hafiz Muneeb Ahmad
NA-131,Kasur-1,Punjab,1040674,PMLN ,Saad Waseem
NA-132,Kasur-2,Punjab,987859,Pakistan Tehreek-e-Insaf,Sardar M Hussain Dogar
NA-132,Kasur-2,Punjab,987859,PPP,Shahoom Safdar
NA-132,Kasur-2,Punjab,987859,TLP,Faqeer Hussain
NA-132,Kasur-2,Punjab,987859,PMLN ,Mian Muhammad Shehbaz Sharif
NA-133,Kasur-3,Punjab,1022019,Pakistan Tehreek-e-Insaf,Dr. Azeem Zahid Lakhvi
NA-133,Kasur-3,Punjab,1022019,PPP,Muhammad Irshad Khan
NA-133,Kasur-3,Punjab,1022019,TLP,Ghulam Murtaza
NA-133,Kasur-3,Punjab,1022019,PMLN ,Rana Muhammad Ishaq Khan
NA-133,Kasur-3,Punjab,1022019,Istehkam-e-Pakistan Party,Hashim Dogra
NA-134,Kasur-4,Punjab,1033734,Pakistan Tehreek-e-Insaf,Sidra Faisal
NA-134,Kasur-4,Punjab,1033734,PPP,Syed Raza Abbas
NA-134,Kasur-4,Punjab,1033734,TLP,Manzoor Ilahi
NA-134,Kasur-4,Punjab,1033734,PMLN ,Rana Muhammad Hayat Khan
NA-135,Okara-1,Punjab,849059,Pakistan Tehreek-e-Insaf,Malik Akram Bhatti
NA-135,Okara-1,Punjab,849059,PPP,Rai Ghulam Mujtaba Kharal
NA-135,Okara-1,Punjab,849059,TLP,Farzand Nasim
NA-135,Okara-1,Punjab,849059,PMLN ,Nadeem Abbas
NA-136,Okara-2,Punjab,900262,Pakistan Tehreek-e-Insaf,Rao Hassan Sikandar
NA-136,Okara-2,Punjab,900262,PPP,Sajjad Ul Hassan
NA-136,Okara-2,Punjab,900262,TLP,Munawar Javaid
NA-136,Okara-2,Punjab,900262,PMLN ,Riaz Ul Haq 
NA-137,Okara-3,Punjab,879120,Pakistan Tehreek-e-Insaf,Syed Raza Ali Gilani
NA-137,Okara-3,Punjab,879120,PPP,Muhammad Yasin
NA-137,Okara-3,Punjab,879120,TLP,Muhammad Anwar
NA-137,Okara-3,Punjab,879120,PMLN ,Rao Muhammad Ajmal Khan
NA-137,Okara-3,Punjab,879120,Pakistan Awami Thereek,Muhammad Rafi
NA-138,Okara-4,Punjab,868895,Pakistan Tehreek-e-Insaf,Mian Arshad Ali Khan Mayo
NA-138,Okara-4,Punjab,868895,PPP,Ahmed Hassan
NA-138,Okara-4,Punjab,868895,TLP,Muhammad Mushtaq Rehmani
NA-138,Okara-4,Punjab,868895,PMLN ,Muhammad Mueen Watto
NA-139,Pakpattan-1,Punjab,1075327,Pakistan Tehreek-e-Insaf,Rao Umar Hashim
NA-139,Pakpattan-1,Punjab,1075327,PPP,Mian Humayun Sarwar Bodla
NA-139,Pakpattan-1,Punjab,1075327,TLP,Ghulam Mohyu Din
NA-139,Pakpattan-1,Punjab,1075327,PMLN ,Ahmad Raza Maneka
NA-139,Pakpattan-1,Punjab,1075327,Jamaat-e-Islami Pakistan ,Shaukat Ali Bhatti
NA-140,Pakpattan-2,Punjab,1060843,Pakistan Tehreek-e-Insaf,Raja Talia Saeed
NA-140,Pakpattan-2,Punjab,1060843,PPP,Shaukat Ali Bajwa
NA-140,Pakpattan-2,Punjab,1060843,TLP,Waseem Zafar
NA-140,Pakpattan-2,Punjab,1060843,PMLN ,Rana Iradat Sharif Khan
NA-141,Sahiwal-1,Punjab,1005822,Pakistan Tehreek-e-Insaf,Rana Aamir Shahzad
NA-141,Sahiwal-1,Punjab,1005822,PPP,Muhammad Zaki
NA-141,Sahiwal-1,Punjab,1005822,TLP,Abdul Qadir
NA-141,Sahiwal-1,Punjab,1005822,PMLN ,Syed Imran Ahmad Shah
NA-141,Sahiwal-1,Punjab,1005822,Jamaat-e-Islami Pakistan ,Muhammad Rehmat Ullah
NA-142,Sahiwal-2,Punjab,966654,Pakistan Tehreek-e-Insaf,Muhammad Usman
NA-142,Sahiwal-2,Punjab,966654,PPP,Ghulam Farid Kathia
NA-142,Sahiwal-2,Punjab,966654,TLP,Rai Munsif Shabbir Ahmad
NA-142,Sahiwal-2,Punjab,966654,PMLN ,Ch Muhammad Ashraf
NA-143,Sahiwal-3,Punjab,927489,Pakistan Tehreek-e-Insaf,Rai Hassan Nawaz Khan
NA-143,Sahiwal-3,Punjab,927489,PPP,Ali Javed
NA-143,Sahiwal-3,Punjab,927489,TLP,Majid Hussain
NA-143,Sahiwal-3,Punjab,927489,Pakistan Awami Thereek,Salwat Shahzad Aziz
NA-143,Sahiwal-3,Punjab,927489,Istehkam-e-Pakistan Party,Malik Nauman Langriyal
NA-144,Khanewal-1,Punjab,860091,Pakistan Tehreek-e-Insaf,Shahbaz Ahmad Khan
NA-144,Khanewal-1,Punjab,860091,PPP,Muhammad Zaman
NA-144,Khanewal-1,Punjab,860091,TLP,Muhammad Mushtaq 
NA-144,Khanewal-1,Punjab,860091,PMLN ,Syed Muhammad Mukhtar Hussain
NA-145,Khanewal-2,Punjab,815060,Pakistan Tehreek-e-Insaf,Abid Mehmood Khagga
NA-145,Khanewal-2,Punjab,815060,PPP,Rana Abdul Rehman Khan
NA-145,Khanewal-2,Punjab,815060,TLP,Muhammad Wakeel
NA-145,Khanewal-2,Punjab,815060,PMLN ,Muhammad Khan Daha
NA-146,Khanewal-3,Punjab,872581,Pakistan Tehreek-e-Insaf,Imran Shah Khagga
NA-146,Khanewal-3,Punjab,872581,PPP,Shahid Bashir
NA-146,Khanewal-3,Punjab,872581,TLP,Hafiz Muhammad Imran Siddiq
NA-146,Khanewal-3,Punjab,872581,PMLN ,Pir Muhammad Aslam Bodla Siddiqui
NA-146,Khanewal-3,Punjab,872581,Pakistan Awami Thereek,Mian Noor Ahmad
NA-147,Khanewal-4,Punjab,816345,Pakistan Tehreek-e-Insaf,Mian Naveed Jahania
NA-147,Khanewal-4,Punjab,816345,TLP,Gulam Abbas
NA-147,Khanewal-4,Punjab,816345,PMLN ,Choudhary Iftikhar Nazir
NA-147,Khanewal-4,Punjab,816345,Istehkam-e-Pakistan Party,Mohammad Ayaz Khan Niazi 
NA-148,Mulatn-1,Punjab,910134,Pakistan Tehreek-e-Insaf,Barrister Taimur Malik
NA-148,Mulatn-1,Punjab,910134,PPP,Syed Yousaf Raza Gilani
NA-148,Mulatn-1,Punjab,910134,TLP,Malik Azhar Ahmed Sandila
NA-148,Mulatn-1,Punjab,910134,PMLN ,Ahmad Hussain
NA-148,Mulatn-1,Punjab,910134,PMLQ ,Aneela Iftikhar
NA-149,Mulatn-2,Punjab,907757,Pakistan Tehreek-e-Insaf,Malik Amir Dogar
NA-149,Mulatn-2,Punjab,907757,PPP,Rizwan Ahmed Makki Haans
NA-149,Mulatn-2,Punjab,907757,MQM ,Muhammad Rashid Saleem Khanzada
NA-149,Mulatn-2,Punjab,907757,TLP,Zahid Hameed Gujjar
NA-149,Mulatn-2,Punjab,907757,Istehkam-e-Pakistan Party,Jahangir Khan Tareen
NA-150,Mulatn-3,Punjab,899916,Pakistan Tehreek-e-Insaf,Zain Qureshi
NA-150,Mulatn-3,Punjab,899916,PPP,Rana Mahmood ul Hassan
NA-150,Mulatn-3,Punjab,899916,TLP,Muhammad Hussain Babar
NA-150,Mulatn-3,Punjab,899916,PMLN ,Javed Akhtar
NA-150,Mulatn-3,Punjab,899916,ANP ,Sheheryar Khan
NA-151,Mulatn-4,Punjab,879112,Pakistan Tehreek-e-Insaf,Mehar Bano Qureshi
NA-151,Mulatn-4,Punjab,879112,PPP,Syed Ali Musa Gilani
NA-151,Mulatn-4,Punjab,879112,TLP,Irshad Ali Babar
NA-151,Mulatn-4,Punjab,879112,PMLN ,Abdul Ghaffar
NA-152,Mulatn-5,Punjab,871916,Pakistan Tehreek-e-Insaf,Imran Shaukat
NA-152,Mulatn-5,Punjab,871916,PPP,Syed Abdul Qadir Gilani
NA-152,Mulatn-5,Punjab,871916,TLP,Syed Atta Ullah Shah Bukhari
NA-152,Mulatn-5,Punjab,871916,PMLN ,Syed Javed Ali Shah
NA-153,Mulatn-6,Punjab,893470,Pakistan Tehreek-e-Insaf,Dr. Riaz Lang
NA-153,Mulatn-6,Punjab,893470,PPP,Hamid Ali
NA-153,Mulatn-6,Punjab,893470,TLP,Syed Shahid Zahoor Gillani
NA-153,Mulatn-6,Punjab,893470,PMLN ,Rana Muhammad Qasim Noon
NA-154,Lodhran-1,Punjab,940216,Pakistan Tehreek-e-Insaf,Rana Faraz Ahmad Noon
NA-154,Lodhran-1,Punjab,940216,PPP,Imdad Ullah Abbasi
NA-154,Lodhran-1,Punjab,940216,TLP,Muhammad zubair
NA-154,Lodhran-1,Punjab,940216,PMLN ,Abdul Rehman Khan Kanju
NA-155,Lodhran-2,Punjab,988083,Pakistan Tehreek-e-Insaf,Iffat Somro
NA-155,Lodhran-2,Punjab,988083,PPP,Muhammad Azhar
NA-155,Lodhran-2,Punjab,988083,TLP,Rana Muhammad Rafiq
NA-155,Lodhran-2,Punjab,988083,PMLN ,Khan Muhammad Siddique Khan Balooch
NA-155,Lodhran-2,Punjab,988083,Istehkam-e-Pakistan Party,Jahangir Khan Tareen
NA-156,Vehari-1,Punjab,890111,Pakistan Tehreek-e-Insaf,Ayesha Nazir Jutt
NA-156,Vehari-1,Punjab,890111,PPP,Kamran Yusuf Ghumman
NA-156,Vehari-1,Punjab,890111,TLP,Shehbaz Ahmad
NA-156,Vehari-1,Punjab,890111,PMLN ,Chaudhry Nazir Ahmad
NA-157,Vehari-2,Punjab,814217,Pakistan Tehreek-e-Insaf,Sabeen Safdar Bandesha
NA-157,Vehari-2,Punjab,814217,TLP,Muhammad Ali Langrial
NA-157,Vehari-2,Punjab,814217,PMLN ,Sajid Mehdi
NA-158,Vehari-3,Punjab,870478,Pakistan Tehreek-e-Insaf,Tahir Iqbal Chaudhary
NA-158,Vehari-3,Punjab,870478,PPP,Muhammad Kashif Mushtaq Bhabha
NA-158,Vehari-3,Punjab,870478,TLP,Syed Muhammad Ismail Shah
NA-158,Vehari-3,Punjab,870478,PMLN ,Gegum Tehmina Daultana
NA-159,Vehari-4,Punjab,855615,Pakistan Tehreek-e-Insaf,Aurangzeb Khichi
NA-159,Vehari-4,Punjab,855615,PPP,Mahmood Hayat Khan
NA-159,Vehari-4,Punjab,855615,TLP,Muhammad Iqbal
NA-159,Vehari-4,Punjab,855615,PMLN ,Saeed Ahmad Khan Manais
NA-160,Bahawalnagar-1,Punjab,870484,Pakistan Tehreek-e-Insaf,Dr. Noor Ghafari
NA-160,Bahawalnagar-1,Punjab,870484,TLP,Hafiz Muhammad Saad
NA-160,Bahawalnagar-1,Punjab,870484,PMLN ,Muhammad Abdul Ghaffar Watto
NA-161,Bahawalnagar-2,Punjab,900954,Pakistan Tehreek-e-Insaf,Shahid Ameen Akooka
NA-161,Bahawalnagar-2,Punjab,900954,PPP,Najeeb Ur Rehman
NA-161,Bahawalnagar-2,Punjab,900954,TLP,Aftab Ahmad Joiya
NA-161,Bahawalnagar-2,Punjab,900954,PMLN,Alam Dad Laleka
NA-162,Bahawalnagar-3,Punjab,866244,Pakistan Tehreek-e-Insaf,Ch Khalil Arain
NA-162,Bahawalnagar-3,Punjab,866244,PPP,Mian Muhammad Ali Laleka
NA-162,Bahawalnagar-3,Punjab,866244,TLP,Muhammad Athar
NA-162,Bahawalnagar-3,Punjab,866244,PMLN,Ehsan ul Haq Bajwa
NA-163,Bahawalnagar-4,Punjab,912660,Pakistan Tehreek-e-Insaf,Shaukat Basra
NA-163,Bahawalnagar-4,Punjab,912660,PPP,Aitzaz Rasheed
NA-163,Bahawalnagar-4,Punjab,912660,TLP,Hafiz Muhammad Ahmad Bukhari
NA-163,Bahawalnagar-4,Punjab,912660,PMLN,Noor ul Hassan Tanvir
NA-164,Bahawalpur-1,Punjab,835131,Pakistan Tehreek-e-Insaf,Ijaz Ghaddan
NA-164,Bahawalpur-1,Punjab,835131,PPP,Syed Erfan Ahmed Garderi
NA-164,Bahawalpur-1,Punjab,835131,TLP,Gulam Farid
NA-164,Bahawalpur-1,Punjab,835131,PMLN,Mian Riaz Hussain Pirzada
NA-165,Bahawalpur-2,Punjab,844681,PTI ,Basharat Randhawa
NA-165,Bahawalpur-2,Punjab,844681,PPP,Qutab Din
NA-165,Bahawalpur-2,Punjab,844681,TLP,Muhammad Arshad
NA-165,Bahawalpur-2,Punjab,844681,PMLQ,Chaudhary Tariq Basheer Cheema
NA-166,Bahawalpur-3,Punjab,829152,Pakistan Tehreek-e-Insaf,Kanwal Shauzab
NA-166,Bahawalpur-3,Punjab,829152,PPP,Mukhdoom Syed Ali Hassan Gillani
NA-166,Bahawalpur-3,Punjab,829152,TLP,Syed Ishrat Jahanian Bukhari
NA-166,Bahawalpur-3,Punjab,829152,PMLN,Mk Syed Sami_ul_Hasan Gilani
NA-167,Bahawalpur-4,Punjab,829152,Pakistan Tehreek-e-Insaf,Malik Mehboob Ahmed
NA-167,Bahawalpur-4,Punjab,829152,PPP,Shahrukh Malik
NA-167,Bahawalpur-4,Punjab,829152,TLP,Muhammad Akhtar Abbasi
NA-167,Bahawalpur-4,Punjab,829152,PMLN,Muhammad Usman   Awaisi
NA-168,Bahawalpur-5,Punjab,903795,Pakistan Tehreek-e-Insaf,Sami Ullah Chaudhary
NA-168,Bahawalpur-5,Punjab,903795,PPP,Hussain Ahmad Madni
NA-168,Bahawalpur-5,Punjab,903795,TLP,Syed Muhammad Irfan Shah
NA-168,Bahawalpur-5,Punjab,903795,PMLN,Malik Muhammad Iqbal 
NA-168,Bahawalpur-5,Punjab,903795,PMLQ,Chaudhary Tariq Basheer Cheema
NA-169,R.Y.Khan-1,Punjab,968541,Pakistan Tehreek-e-Insaf,Raja Saleem
NA-169,R.Y.Khan-1,Punjab,968541,PPP,Syed Murtaza Mahmud
NA-169,R.Y.Khan-1,Punjab,968541,TLP,Muhammad Sohail Manzoor
NA-169,R.Y.Khan-1,Punjab,968541,PMLN,Syed Mobeen Ahmed
NA-170,R.Y.Khan-2,Punjab,968541,Pakistan Tehreek-e-Insaf,Mian Ghous
NA-170,R.Y.Khan-2,Punjab,968541,PPP,Syed Hamid Saeed Kazmi
NA-170,R.Y.Khan-2,Punjab,968541,TLP,Hafiz Muhammad Ahmad Bukhari
NA-170,R.Y.Khan-2,Punjab,968541,PMLN,Sheikh Fayyaz Ud Din
NA-171,R.Y.Khan-3,Punjab,889123,Pakistan Tehreek-e-Insaf,Mumtaz Mustafa Advocate
NA-171,R.Y.Khan-3,Punjab,889123,PPP,Makhdoom Moeen Uddin Ali
NA-171,R.Y.Khan-3,Punjab,889123,TLP,Muhammad Farooq Ul Hassan
NA-171,R.Y.Khan-3,Punjab,889123,PMLN,Makhdoom Moeen Uddin Ali
NA-172,R.Y.Khan-4,Punjab,964516,Pakistan Tehreek-e-Insaf,Chaudhary Javed Iqbal Waraich
NA-172,R.Y.Khan-4,Punjab,964516,PPP,Choudhary Zafar Iqbal Warriach
NA-172,R.Y.Khan-4,Punjab,964516,TLP,Muhammad Abbas
NA-172,R.Y.Khan-4,Punjab,964516,PMLN,Mian Imtiaz Ahmad
NA-173,R.Y.Khan-5,Punjab,884934,Pakistan Tehreek-e-Insaf,Barrister Nabeel Dahrir
NA-173,R.Y.Khan-5,Punjab,884934,PPP,Syed Mustafa Mehmood 
NA-173,R.Y.Khan-5,Punjab,884934,TLP,Allah Bakhsh
NA-173,R.Y.Khan-5,Punjab,884934,PMLN,Uzair Tariq
NA-174,R.Y.Khan-6,Punjab,917416,Pakistan Tehreek-e-Insaf,Raees Mehboob
NA-174,R.Y.Khan-6,Punjab,917416,PPP,Syed Usman Mehmood
NA-174,R.Y.Khan-6,Punjab,917416,TLP,Allah Bakhsh
NA-174,R.Y.Khan-6,Punjab,917416,PMLN,Muhammad Azhar Khan Leghari
NA-175,Muzaffargarh-1,Punjab,909230,Pakistan Tehreek-e-Insaf,Jamshaid Dasti
NA-175,Muzaffargarh-1,Punjab,909230,PPP,Mahar Irshad Ahmad Khan
NA-175,Muzaffargarh-1,Punjab,909230,TLP,Muhammad Yar Mehboob Khar
NA-175,Muzaffargarh-1,Punjab,909230,PMLN,Hammad Nawaz Khan
NA-176,Muzaffargarh-2,Punjab,865925,Pakistan Tehreek-e-Insaf,Nawab Muhammad Ahmad Khan
NA-176,Muzaffargarh-2,Punjab,865925,PPP,Nawab Muhammad Ahmad Khan
NA-176,Muzaffargarh-2,Punjab,865925,TLP,Abdul Wahab
NA-176,Muzaffargarh-2,Punjab,865925,PMLN,Makhdoomzada S B A Sultan
NA-177,Muzaffargarh-3,Punjab,876697,Pakistan Tehreek-e-Insaf,Moazam Jatoi
NA-177,Muzaffargarh-3,Punjab,876697,PPP,Muhammad Zaffarullah Khan Laghari
NA-177,Muzaffargarh-3,Punjab,876697,TLP,Rao Atif Ali Khan
NA-177,Muzaffargarh-3,Punjab,876697,PMLN,Syeda Shehr Bano Bukhari 
NA-178,Muzaffargarh-4,Punjab,876715,Pakistan Tehreek-e-Insaf,Abdul Qayum Jatoi
NA-178,Muzaffargarh-4,Punjab,876715,TLP,Muhammad Shafi Khan
NA-178,Muzaffargarh-4,Punjab,876715,PMLN,Aamir Talal Khan
NA-179,Kot Addu-1,Punjab,772836,Pakistan Tehreek-e-Insaf,Shabbir Qureshi
NA-179,Kot Addu-1,Punjab,772836,PPP,Muhammad Amjad Abbas
NA-179,Kot Addu-1,Punjab,772836,TLP,Syed Muhammad Sarwar Shah
NA-179,Kot Addu-1,Punjab,772836,PMLN,Malik Ghulam Qasim Hanjra
NA-180,Kot Addu-2,Punjab,713922,Pakistan Tehreek-e-Insaf,Mian Fayaz Chajra
NA-180,Kot Addu-2,Punjab,713922,PPP,Raza Rabbani Khar
NA-180,Kot Addu-2,Punjab,713922,TLP,Allah Bachaya
NA-180,Kot Addu-2,Punjab,713922,PMLN,Abdul Khaliq Khar
NA-181,Layyah-1,Punjab,1056175,Pakistan Tehreek-e-Insaf,Mrs. Amber Majeed Niazi
NA-181,Layyah-1,Punjab,1056175,PPP,Sardar Bahadur Admad Khan
NA-181,Layyah-1,Punjab,1056175,TLP,Muhammad Shahid Iqbal
NA-181,Layyah-1,Punjab,1056175,PMLN,Sahibzada Faiz Ul Hassan
NA-181,Layyah-1,Punjab,1056175,Pakistan Awami Thereek,Aman Ullah
NA-182,Layyah-2,Punjab,1046211,Pakistan Tehreek-e-Insaf,Awais Haider Jhakar
NA-182,Layyah-2,Punjab,1046211,PPP,Muhammad Ramzan
NA-182,Layyah-2,Punjab,1046211,TLP,Muhammad Yousaf
NA-182,Layyah-2,Punjab,1046211,PMLN,Syed Muhammad  Saqlain Bukhari
NA-183,Taunsa,Punjab,965311,Pakistan Tehreek-e-Insaf,Khwaja Sheraz Mehmood
NA-183,Taunsa,Punjab,965311,TLP,Maqsood Ahmad
NA-183,Taunsa,Punjab,965311,PMLN,Muhammad Amjad  Farooq Khan Khosa
NA-184,D.G.Khan-1,Punjab,824356,Pakistan Tehreek-e-Insaf,Ali Muhammad Khalul
NA-184,D.G.Khan-1,Punjab,824356,TLP,Irfan Ullah
NA-184,D.G.Khan-1,Punjab,824356,PMLN,Abdul Qadir Khan
NA-185,D.G.Khan-2,Punjab,823140,Pakistan Tehreek-e-Insaf,Zartaj Gul Wazir
NA-185,D.G.Khan-2,Punjab,823140,TLP,Sardar Dost M Khan Khosa
NA-185,D.G.Khan-2,Punjab,823140,MQM,Azhar Ul Haq Qureshi siddique
NA-185,D.G.Khan-2,Punjab,823140,PMLN,Zaka Ullah
NA-186,D.G.Khan-3,Punjab,780898,Pakistan Tehreek-e-Insaf,Mehar Sajjad Cheena
NA-186,D.G.Khan-3,Punjab,780898,PPP,Sardar Dost M Khan Khosa
NA-186,D.G.Khan-3,Punjab,780898,TLP,Syed Munir Hussain
NA-186,D.G.Khan-3,Punjab,780898,PMLN,Sardar Awais Ahmad Khan Leghari
NA-187,Rajanpur-1,Punjab,799415,Pakistan Tehreek-e-Insaf,Atif Ali Khan Dhreshak
NA-187,Rajanpur-1,Punjab,799415,PPP,Athar Hassan Khan Gorchani
NA-187,Rajanpur-1,Punjab,799415,TLP,Gulam Yaseen
NA-187,Rajanpur-1,Punjab,799415,PMLN,Ammar Ahmad Khan Leghari
NA-188,Rajanpur-2,Punjab,793321,Pakistan Tehreek-e-Insaf,Ahmed Ali Khan Dhreshak
NA-188,Rajanpur-2,Punjab,793321,PPP,Liaqat Ali
NA-188,Rajanpur-2,Punjab,793321,TLP,Sohail Anwar
NA-188,Rajanpur-2,Punjab,793321,PMLN,Hafeez Ur Rehman Khan Drishak
NA-189,Rajanpur-3,Punjab,788313,Pakistan Tehreek-e-Insaf,Zahid Mehmood Mazari
NA-189,Rajanpur-3,Punjab,788313,TLP,Qari Ghulam Akber
NA-189,Rajanpur-3,Punjab,788313,PMLN,Sardar Riaz Mahmood Khan Mazari
NA-190,Jacobabad,Sindh,"967,956",PPP,Aijaz Hussain Jakhrani
NA-190,Jacobabad,Sindh,"967,956",Jamaat-e-Islami Pakistan ,Muhammad Rehmat Ullah
NA-191,Jacobabad-CumKashmore,Sindh,"994,642",PPP,Ali Jan Mazari
NA-191,Jacobabad-CumKashmore,Sindh,"994,642",Jamiat Ulema-e-Islam (F),Shahzane Khan
NA-191,Jacobabad-CumKashmore,Sindh,"994,642",Istehkam-e-Pakistan Party,Mir Fayyaz Ahmed
NA-192,Kashmore-CumShikarpur,Sindh,"917,453",Pakistan Tehreek-e-Insaf,Muhammad Alam Bajarani
NA-192,Kashmore-CumShikarpur,Sindh,"917,453",PPP,Mir Shabbir Ali Bijarani
NA-192,Kashmore-CumShikarpur,Sindh,"917,453",Jamiat Ulema-e-Islam (F),Mohammad Ibrahim Jatoi
NA-192,Kashmore-CumShikarpur,Sindh,"917,453",Jamaat-e-Islami Pakistan ,Abdul Fatah Pathan
NA-193,Shikarpur,Sindh,"914,333",Pakistan Tehreek-e-Insaf,Maqsood Ali
NA-193,Shikarpur,Sindh,"914,333",PPP,Muhammad Shahryar Khan Mahar
NA-193,Shikarpur,Sindh,"914,333",MQM ,Abdul jalil
NA-193,Shikarpur,Sindh,"914,333",Jamiat Ulema-e-Islam (F),Rashid Mahmood Soorero
NA-194,Larkana-1,Sindh,"890,703",Pakistan Tehreek-e-Insaf,Saif Ullah Abro
NA-194,Larkana-1,Sindh,"890,703",PPP,Bilawal Bhutto Zardari
NA-194,Larkana-1,Sindh,"890,703",MQM ,Zameer Ahmed
NA-194,Larkana-1,Sindh,"890,703",Jamiat Ulema-e-Islam (F),Rashid Mahmood Soomro
NA-194,Larkana-1,Sindh,"890,703",Jamaat-e-Islami Pakistan ,Muhammad Ashique
NA-194,Larkana-1,Sindh,"890,703",Pakistan Awami Thereek,Gul Hassan
NA-195,Larkana-2,Sindh,"893,750",PPP,Nazir Ahmed Bhugio
NA-195,Larkana-2,Sindh,"893,750",MQM ,Ghulam yaseen
NA-195,Larkana-2,Sindh,"893,750",PML-F,Safdar Ali Abbasi
NA-196,Kamber Shahdadkot-1,Sindh,"772,747",Pakistan Tehreek-e-Insaf,Habibullah
NA-196,Kamber Shahdadkot-1,Sindh,"772,747",PPP,Bilawal Bhutto Zardari
NA-196,Kamber Shahdadkot-1,Sindh,"772,747",MQM ,Aijaz Ali
NA-196,Kamber Shahdadkot-1,Sindh,"772,747",Jamiat Ulema-e-Islam (F),Nasir Mahmood
NA-196,Kamber Shahdadkot-1,Sindh,"772,747",Jamaat-e-Islami Pakistan ,Muhammad Ibrahim
NA-197,Kamber Shahdadkot-2,Sindh,"742,122",Pakistan Tehreek-e-Insaf,Raja Abdul Haque
NA-197,Kamber Shahdadkot-2,Sindh,"742,122",PPP,Mir Amir Ali Khan Magsi
NA-197,Kamber Shahdadkot-2,Sindh,"742,122",MQM ,ahmad Ali Buriro
NA-197,Kamber Shahdadkot-2,Sindh,"742,122",Jamiat Ulema-e-Islam (F),Muhammad Uzair jagirani
NA-198,Ghotki-1,Sindh,"897,715",Pakistan Tehreek-e-Insaf,Syed Mumtaz Ali Shah
NA-198,Ghotki-1,Sindh,"897,715",PPP,Khalid Ahmed Khan lund
NA-198,Ghotki-1,Sindh,"897,715",MQM ,Muhammad Yaseen
NA-199,Ghotki-2,Sindh,874894,Pakistan Tehreek-e-Insaf,Lalchand Malhi
NA-199,Ghotki-2,Sindh,874894,PPP,Ali Gohar KhanMahar
NA-199,Ghotki-2,Sindh,874894,MQM ,Muhammad Shahid
NA-199,Ghotki-2,Sindh,874894,Jamiat Ulema-e-Islam (F),Abdul Qayoom
NA-199,Ghotki-2,Sindh,874894,Jamaat-e-Islami Pakistan ,Shakeela
NA-200,Sukkur-1,Sindh,846935,Pakistan Tehreek-e-Insaf,Makhdoom Shah Mehmood Qureshi
NA-200,Sukkur-1,Sindh,846935,PPP,Nauman Islam Shaikh
NA-200,Sukkur-1,Sindh,846935,PML-F,Deedar Ali
NA-200,Sukkur-1,Sindh,846935,Jamaat-e-Islami Pakistan ,Hisbullah Jakro
NA-200,Sukkur-1,Sindh,846935,PMLQ ,Abdul Qadir
NA-201,Sukkur-2,Sindh,"792,962",Pakistan Tehreek-e-Insaf,Mehar u Nisa Baloch
NA-201,Sukkur-2,Sindh,"792,962",PPP,Syed Khursheed Ahmed Shah
NA-201,Sukkur-2,Sindh,"792,962",MQM,Saba Anwar
NA-201,Sukkur-2,Sindh,"792,962",Jamaat-e-Islami Pakistan ,Sultan Ahmed
NA-202,Khairpur-1,Sindh,"851,105",Pakistan Tehreek-e-Insaf,Nazish Bhatti
NA-202,Khairpur-1,Sindh,"851,105",PPP,Niffisa Shah
NA-202,Khairpur-1,Sindh,"851,105",MQM,Hubdar Ali
NA-202,Khairpur-1,Sindh,"851,105",PMLF,Syed Glimis Ali Shah
NA-202,Khairpur-1,Sindh,"851,105",Jamaat-e-Islami Pakistan ,Mumtaz Hussain
NA-203,Khairpur-2,Sindh,"837,944",Pakistan Tehreek-e-Insaf,Rozina Bhutto
NA-203,Khairpur-2,Sindh,"837,944",PPP,Fir Syed Fazat Ali Shah Jillani
NA-203,Khairpur-2,Sindh,"837,944",PMLQ,Niaz Hussain Khaskheli
NA-203,Khairpur-2,Sindh,"837,944",PMLF,Pir Sadar Uddin Shah
NA-203,Khairpur-2,Sindh,"837,944",Jamaat-e-Islami Pakistan ,Sakeena
NA-204,Khairpur-3,Sindh,"908,486",Pakistan Tehreek-e-Insaf,Mustansir Billah
NA-204,Khairpur-3,Sindh,"908,486",PPP,Sved Abrar All Shah
NA-204,Khairpur-3,Sindh,"908,486",PMLN,Asghar Ali Shah
NA-205,Naushahro Feroze-1,Sindh,"895,256",Pakistan Tehreek-e-Insaf,Mustansir Billah
NA-205,Naushahro Feroze-1,Sindh,"895,256",PPP,Sved Abrar All Shah
NA-205,Naushahro Feroze-1,Sindh,"895,256",MQM,Ghulam Rasool
NA-205,Naushahro Feroze-1,Sindh,"895,256",PMLN,Asghar Ali Shah
NA-206,Naushahro Feroze-2,Sindh,"881,826",Pakistan Tehreek-e-Insaf,Faisal Mughal
NA-206,Naushahro Feroze-2,Sindh,"881,826",PPP,Zulfiqarr Ali Bohan
NA-206,Naushahro Feroze-2,Sindh,"881,826",MQM,Imran Khan Rajpoot
NA-206,Naushahro Feroze-2,Sindh,"881,826",PMLF,Ghullam Murtaza Khan Jatoi
NA-207,Benazirabad-1,Sindh,"959,756",Pakistan Tehreek-e-Insaf,Muhammad Irfan
NA-207,Benazirabad-1,Sindh,"959,756",PPP,Asif Ali Zardari
NA-208,Benazirabad-2,Sindh,"885,346",Pakistan Tehreek-e-Insaf,Shah Nawaz
NA-208,Benazirabad-2,Sindh,"885,346",PPP,Syed Ghulam Mustafa Shah
NA-208,Benazirabad-2,Sindh,"885,346",MQM,Najma
NA-208,Benazirabad-2,Sindh,"885,346",Jamiat Ulema-e-Islam (F),Aneela
NA-208,Benazirabad-2,Sindh,"885,346",PMLF,Syed Zainulabdin
NA-209,Sanghar-1,Sindh,"1,172,516",Pakistan Tehreek-e-Insaf,Azizullah Dero
NA-209,Sanghar-1,Sindh,"1,172,516",PPP,Shazia Jarmat Marri
NA-209,Sanghar-1,Sindh,"1,172,516",MQM,Nawab Ali
NA-209,Sanghar-1,Sindh,"1,172,516",PMLF,Muhammad Khan Junejo
NA-209,Sanghar-1,Sindh,"1,172,516",Jamaat-e-Islami Pakistan ,Zaheeruldin Babar
NA-210,Sanghar-2,Sindh,"1,135,949",Pakistan Tehreek-e-Insaf,Mumtaz Ali Shah
NA-210,Sanghar-2,Sindh,"1,135,949",PPP,Salahuddin Junejo
NA-210,Sanghar-2,Sindh,"1,135,949",MQM,Muhammad Zakir sheikh
NA-210,Sanghar-2,Sindh,"1,135,949",PMLF,Saira Bano
NA-210,Sanghar-2,Sindh,"1,135,949",Jamaat-e-Islami Pakistan ,Kamran Aziz Ghouri
NA-211,Mirpurkhas-1,Sindh,850102,Pakistan Tehreek-e-Insaf,Syed Jameel Ahmed Shah Bukhari
NA-211,Mirpurkhas-1,Sindh,850102,PPP,Pir Aftab Hussain Shah Jilani
NA-211,Mirpurkhas-1,Sindh,850102,MQM,Afaque ahmad khan
NA-211,Mirpurkhas-1,Sindh,850102,PMLN,Muhammad Asad Ali Khan Junejo
NA-211,Mirpurkhas-1,Sindh,850102,Jamaat-e-Islami Pakistan ,Tahseen
NA-212,Mirpurkhas-2,Sindh,"831,284",Pakistan Tehreek-e-Insaf,Abdul Hakeem Chandio
NA-212,Mirpurkhas-2,Sindh,"831,284",PPP,Mir Munawar Ali Talpur
NA-212,Mirpurkhas-2,Sindh,"831,284",Jamiat Ulema-e-Islam (F),Ghulam Qadir
NA-212,Mirpurkhas-2,Sindh,"831,284",Jamaat-e-Islami Pakistan ,Muhammad Hanif Khan
NA-213,Umerkot,Sindh,"1,159,831",Pakistan Tehreek-e-Insaf,Shabana Nawab
NA-213,Umerkot,Sindh,"1,159,831",PPP,Nawab Muhammad Yousuf Talpur
NA-213,Umerkot,Sindh,"1,159,831",MQM,Pram Chand
NA-213,Umerkot,Sindh,"1,159,831",PMLN,Mir Amanullah Khan Talpur
NA-214,Tharparkar-1,Sindh,897087,Pakistan Tehreek-e-Insaf,Zulfiqar Ali Malha
NA-214,Tharparkar-1,Sindh,897087,PPP,Pir Ameer Ali Shah Jeelani
NA-214,Tharparkar-1,Sindh,897087,Jamiat Ulema-e-Islam (F),Abdul Aziz
NA-214,Tharparkar-1,Sindh,897087,PMLF,Saira Bano
NA-215,Tharparkar-2,Sindh,"881,320",Pakistan Tehreek-e-Insaf,Wali Muhammad Mugheri
NA-215,Tharparkar-2,Sindh,"881,320",PPP,Mahesh Kumar Malani
NA-215,Tharparkar-2,Sindh,"881,320",MQM,Ghaman
NA-215,Tharparkar-2,Sindh,"881,320",Jamiat Ulema-e-Islam (F),Aziz Ullah
NA-216,Matiari,Sindh,"849,383",Pakistan Tehreek-e-Insaf,Dr Masroor Sial
NA-216,Matiari,Sindh,"849,383",PPP,Makhdoom Jamil Uz Zaman
NA-216,Matiari,Sindh,"849,383",MQM,Ghaman
NA-216,Matiari,Sindh,"849,383",PMLN,Bashir Ahmed
NA-216,Matiari,Sindh,"849,383",Jamaat-e-Islami Pakistan ,Atta Ur Rehman Korejo
NA-217,Tando Allahyar,Sindh,922012,Pakistan Tehreek-e-Insaf,Khalid Mehmood Ali
NA-217,Tando Allahyar,Sindh,922012,PPP,Zoiligar Bachani
NA-217,Tando Allahyar,Sindh,922012,MQM,Muhammad azam khan
NA-217,Tando Allahyar,Sindh,922012,PMLF,Rahila Maosi
NA-218,Hyderabad-1,Sindh,"847,023",Pakistan Tehreek-e-Insaf,Adeel Ahmad
NA-218,Hyderabad-1,Sindh,"847,023",PPP,Syed Hussain Tariq
NA-218,Hyderabad-1,Sindh,"847,023",MQM,Naseem Akhtar
NA-219,Hyderabad-2,Sindh,"800,983",Pakistan Tehreek-e-Insaf,Adv Muhammad Haris Meo
NA-219,Hyderabad-2,Sindh,"800,983",PPP,Ali Muhammad Sahito
NA-219,Hyderabad-2,Sindh,"800,983",MQM,Abdul Aleem Khan
NA-219,Hyderabad-2,Sindh,"800,983",PMLN,Husnain Rashid
NA-220,Hyderabad-3,Sindh,"784,534",Pakistan Tehreek-e-Insaf,Faheem Khan
NA-220,Hyderabad-3,Sindh,"784,534",PPP,W aseem Khan Rajput
NA-220,Hyderabad-3,Sindh,"784,534",MQM,Syed Waseem hussain
NA-220,Hyderabad-3,Sindh,"784,534",PMLN,Khalid Aziz
NA-221,Tando Muhammad Khan,Sindh,"726,119",Pakistan Tehreek-e-Insaf,Saif ur Rehman
NA-221,Tando Muhammad Khan,Sindh,"726,119",PPP,Syed Naveed Qamar
NA-221,Tando Muhammad Khan,Sindh,"726,119",MQM,Imtiaz Hussain
NA-221,Tando Muhammad Khan,Sindh,"726,119",PMLF,Mir Ali Nawaz Talpur
NA-221,Tando Muhammad Khan,Sindh,"726,119",Jamaat-e-Islami Pakistan ,Aijaz Ali
NA-222,Badin-1,Sindh,"938,113",Pakistan Tehreek-e-Insaf,Muhammad Alamgir Khan
NA-222,Badin-1,Sindh,"938,113",PPP,Mir Ghulam Ali Teipur
NA-222,Badin-1,Sindh,"938,113",Jamiat Ulema-e-Islam (F),Azhar Ali
NA-222,Badin-1,Sindh,"938,113",Jamaat-e-Islami Pakistan ,Safia Khanum
NA-223,Badin-2,Sindh,"1,008,968",Pakistan Tehreek-e-Insaf,Advocate Zahoor Mehsud
NA-223,Badin-2,Sindh,"1,008,968",PPP,Haji Rasool Bux Chandio
NA-223,Badin-2,Sindh,"1,008,968",MQM,Paras
NA-223,Badin-2,Sindh,"1,008,968",Jamiat Ulema-e-Islam (F),Fatah Muhammad
NA-223,Badin-2,Sindh,"1,008,968",PMLF,"Muhammad Hassan, Mirza"
NA-224,Sujawal,Sindh,"839,292",Pakistan Tehreek-e-Insaf,Haleem Adil Sheikh
NA-224,Sujawal,Sindh,"839,292",PPP,Syed ayaz ali shah
NA-224,Sujawal,Sindh,"839,292",MQM,Muhammad Ramzan
NA-224,Sujawal,Sindh,"839,292",Jamiat Ulema-e-Islam (F),Molvi Muhammad Saleh Alhadad
NA-225,Thatta,Sindh,"1,083,191",Pakistan Tehreek-e-Insaf,Yasir Baloch
NA-225,Thatta,Sindh,"1,083,191",PPP,Sadiq Ali Memon
NA-225,Thatta,Sindh,"1,083,191",MQM,Muhammad Junaid Niaz
NA-225,Thatta,Sindh,"1,083,191",PMLN,Rasool Bux Jakhro
NA-226,Jamshoro,Sindh,"1,117,308",Pakistan Tehreek-e-Insaf,Ramzan Ghachi
NA-226,Jamshoro,Sindh,"1,117,308",PPP,Malik Asad Sikandar
NA-226,Jamshoro,Sindh,"1,117,308",PMLF,Syed Munir Nyder Shah
NA-227,Dadu-1,Sindh,"900,534",Pakistan Tehreek-e-Insaf,Khurram Sher Zaman
NA-227,Dadu-1,Sindh,"900,534",PPP,Irian Ali Leghari
NA-227,Dadu-1,Sindh,"900,534",MQM,Zulfiqar Ali
NA-227,Dadu-1,Sindh,"900,534",Jamiat Ulema-e-Islam (F),Hajan Khan Leghari
NA-227,Dadu-1,Sindh,"900,534",PMLF,Lia geat Ali Jatoi
NA-228,Dadu-2,Sindh,"841,786",Pakistan Tehreek-e-Insaf,Dawa Khan
NA-228,Dadu-2,Sindh,"841,786",PPP,Rafiq Ahmed Jamali
NA-228,Dadu-2,Sindh,"841,786",MQM,Abdul majieed Chahwan
NA-228,Dadu-2,Sindh,"841,786",Jamiat Ulema-e-Islam (F),Abu Bakar Brohi
NA-228,Dadu-2,Sindh,"841,786",PMLF,Karim Ali Jatoi
NA-229,Malir-1,Sindh,"822,528",Pakistan Tehreek-e-Insaf,Advocate Shujaat Ali Khan
NA-229,Malir-1,Sindh,"822,528",PPP,Jam Abdul Karim Bijar
NA-229,Malir-1,Sindh,"822,528",MQM,Fouzia Hameed
NA-229,Malir-1,Sindh,"822,528",PMLN,Qadir Bux
NA-229,Malir-1,Sindh,"822,528",ANP,Sajid Mahmood
NA-230,Malir-2,Sindh,"786,160",Pakistan Tehreek-e-Insaf,Aftab Jahangir
NA-230,Malir-2,Sindh,"786,160",PPP,Syed Rafiullah
NA-230,Malir-2,Sindh,"786,160",PMLN,Haji Muzaffar Ali Shajra
NA-230,Malir-2,Sindh,"786,160",ANP,Asif Ali
NA-230,Malir-2,Sindh,"786,160",Jamaat-e-Islami Pakistan ,Muhammad Islam
NA-231,Malir-3,Sindh,"823,560",Pakistan Tehreek-e-Insaf,Ata Ullah Khan
NA-231,Malir-3,Sindh,"823,560",PPP,Abdul Hakeem Baloch
NA-231,Malir-3,Sindh,"823,560",PMLN,Jamil Ahmed Khan
NA-231,Malir-3,Sindh,"823,560",ANP,Abdul Qayyum
NA-231,Malir-3,Sindh,"823,560",Istehkam-e-Pakistan Party,Muhammad Qasim
NA-232,Karachi Korangi-1,Sindh,"1,083,685",Pakistan Tehreek-e-Insaf,Malik Arif Awan
NA-232,Karachi Korangi-1,Sindh,"1,083,685",MQM,Asia Ishaq siddique
NA-232,Karachi Korangi-1,Sindh,"1,083,685",Istehkam-e-Pakistan Party,Tariq Mehmood Qadri
NA-233,Karachi Korangi-2,Sindh,"1,031,170",Pakistan Tehreek-e-Insaf,Abbas Husnain
NA-233,Karachi Korangi-2,Sindh,"1,031,170",PPP,Nida Asim
NA-233,Karachi Korangi-2,Sindh,"1,031,170",MQM,Muhammad Jawad Hanif Khan
NA-233,Karachi Korangi-2,Sindh,"1,031,170",PMLN,Zain Ul Abdin Ansari
NA-234,Karachi Korangi-3,Sindh,"1,014,116",Pakistan Tehreek-e-Insaf,Arslan Khalid
NA-234,Karachi Korangi-3,Sindh,"1,014,116",PPP,Muhammad Ali Rashid
NA-234,Karachi Korangi-3,Sindh,"1,014,116",MQM,Muhammad Mueen Amir Pirzada
NA-234,Karachi Korangi-3,Sindh,"1,014,116",PMLN,Saleem Zia
NA-234,Karachi Korangi-3,Sindh,"1,014,116",PMLF,Dilawar Gulzar
NA-234,Karachi Korangi-3,Sindh,"1,014,116",Jamaat-e-Islami Pakistan ,Akhter Hussain Qureshi
NA-234,Karachi Korangi-3,Sindh,"1,014,116",Istehkam-e-Pakistan Party,Rasheed Ahmed
NA-235,Karachi East-1,Sindh,"1,024,024",Pakistan Tehreek-e-Insaf,Barrister Uzair Ghouri
NA-235,Karachi East-1,Sindh,"1,024,024",PPP,Muhammad Asif Khan
NA-235,Karachi East-1,Sindh,"1,024,024",MQM,Muhammad iqbal
NA-235,Karachi East-1,Sindh,"1,024,024",PMLN,Sharafat Khan
NA-235,Karachi East-1,Sindh,"1,024,024",Jamaat-e-Islami Pakistan ,Miraj Ul Huda Siqqiqui
NA-235,Karachi East-1,Sindh,"1,024,024",Istehkam-e-Pakistan Party,Syed Ali Hussain
NA-236,Karachi East-2,Sindh,"958,292",Pakistan Tehreek-e-Insaf,Riaz Hyder
NA-236,Karachi East-2,Sindh,"958,292",PPP,Muhammad Muzammil Qureshi
NA-236,Karachi East-2,Sindh,"958,292",MQM,Hassan sabir
NA-236,Karachi East-2,Sindh,"958,292",PMLN,Parveen Bashir
NA-236,Karachi East-2,Sindh,"958,292",PMLF,Syed Mushtaq Hussain
NA-237,Karachi East-3,Sindh,"990,405",Pakistan Tehreek-e-Insaf,Dawood Khan
NA-237,Karachi East-3,Sindh,"990,405",PPP,Asad Alam Niazi
NA-237,Karachi East-3,Sindh,"990,405",MQM,Muhammad Abdul Rauf
NA-237,Karachi East-3,Sindh,"990,405",PMLN,Rehan Qaiser Sheikh
NA-237,Karachi East-3,Sindh,"990,405",ANP,Ahmed Zaman
NA-237,Karachi East-3,Sindh,"990,405",Istehkam-e-Pakistan Party,Zunaria Rehman
NA-238,Karachi East-4,Sindh,"950,644",Pakistan Tehreek-e-Insaf,Sardar Babar Musakhel
NA-238,Karachi East-4,Sindh,"950,644",PPP,Pir Omer Uddin Zafar
NA-238,Karachi East-4,Sindh,"950,644",MQM,Sadiq Iftikhar
NA-238,Karachi East-4,Sindh,"950,644",PMLN,Sidra Tel Muntaha
NA-238,Karachi East-4,Sindh,"950,644",ANP,Aziz Ur Rehman
NA-238,Karachi East-4,Sindh,"950,644",PMLF,Kausar Fatima Zaidi
NA-238,Karachi East-4,Sindh,"950,644",Jamaat-e-Islami Pakistan ,Saif Uddin 
NA-238,Karachi East-4,Sindh,"950,644",Istehkam-e-Pakistan Party,Mahmood Baqi Molvi
NA-239,Karachi South-1,Sindh,"783,497",Pakistan Tehreek-e-Insaf,Saddam Tareen
NA-239,Karachi South-1,Sindh,"783,497",PPP,Sardar Nabil Ahmed Gabol
NA-239,Karachi South-1,Sindh,"783,497",Jamiat Ulema-e-Islam (F),Moulana Noor Ul Haq
NA-239,Karachi South-1,Sindh,"783,497",PMLF,Shaista Ameer
NA-239,Karachi South-1,Sindh,"783,497",Jamaat-e-Islami Pakistan ,Fazal Ul Rehman Niazi
NA-240,Karachi South-2,Sindh,"782,762",Pakistan Tehreek-e-Insaf,Pir Bux Jamoot
NA-240,Karachi South-2,Sindh,"782,762",PPP,Saleom Maittivra :Ala
NA-240,Karachi South-2,Sindh,"782,762",MQM,Arshad Abdullah bohra
NA-240,Karachi South-2,Sindh,"782,762",PMLN,Sakina Anwar
NA-241,Karachi South-3,Sindh,"761,882",Pakistan Tehreek-e-Insaf,Khurram Sher Zaman
NA-241,Karachi South-3,Sindh,"761,882",PPP,Mirza Ikhtiar Baig
NA-241,Karachi South-3,Sindh,"761,882",PMLN,Rozina
NA-241,Karachi South-3,Sindh,"761,882",ANP,Owais Khan
NA-241,Karachi South-3,Sindh,"761,882",PMLF,Shaheena
NA-241,Karachi South-3,Sindh,"761,882",Jamaat-e-Islami Pakistan ,Naveed Ali Baig
NA-241,Karachi South-3,Sindh,"761,882",PMLQ,Muhammad Tariq Hassan
NA-241,Karachi South-3,Sindh,"761,882",Istehkam-e-Pakistan Party,Jairam Das
NA-242,Karachi Keamari-1,Sindh,"1,025,731",Pakistan Tehreek-e-Insaf,Dawa Khan
NA-242,Karachi Keamari-1,Sindh,"1,025,731",PPP,Qadir Khan Mandokhail
NA-242,Karachi Keamari-1,Sindh,"1,025,731",ANP,Arshad Sohail
NA-242,Karachi Keamari-1,Sindh,"1,025,731",Jamaat-e-Islami Pakistan ,Fazal Ahad
NA-242,Karachi Keamari-1,Sindh,"1,025,731",Istehkam-e-Pakistan Party,Bakhtiar Ali
NA-243,Karachi Keamari-2,Sindh,"1,042,720",Pakistan Tehreek-e-Insaf,Advocate Shujaat Ali Khan
NA-243,Karachi Keamari-2,Sindh,"1,042,720",PPP,Abdul Qadir Patel
NA-243,Karachi Keamari-2,Sindh,"1,042,720",PMLN,Akhtar Hussain Jadoon
NA-243,Karachi Keamari-2,Sindh,"1,042,720",Jamaat-e-Islami Pakistan ,Shiraz Khan Jadoon
NA-244,Karachi West-1,Sindh,"944,027",Pakistan Tehreek-e-Insaf,Aftab Jahangir
NA-244,Karachi West-1,Sindh,"944,027",PPP,Abdul Berr
NA-244,Karachi West-1,Sindh,"944,027",PMLN,Ghulam Rasool
NA-244,Karachi West-1,Sindh,"944,027",ANP,Muhammad Ishaq
NA-245,Karachi West-2,Sindh,"857,495",Pakistan Tehreek-e-Insaf,Ata Ullah Khan
NA-245,Karachi West-2,Sindh,"857,495",PPP,Siddique Akber
NA-245,Karachi West-2,Sindh,"857,495",ANP,Amir Nawab
NA-245,Karachi West-2,Sindh,"857,495",Jamiat Ulema-e-Islam (F),Amin Ullah
NA-246,Karachi West-3,Sindh,"877,858",Pakistan Tehreek-e-Insaf,Malik Arif Awan
NA-246,Karachi West-3,Sindh,"877,858",PPP,Waseem Akhter
NA-246,Karachi West-3,Sindh,"877,858",PMLN,Syed Muhammad Saleem Ashrafi
NA-246,Karachi West-3,Sindh,"877,858",ANP,DOST MUHAMMAD
NA-246,Karachi West-3,Sindh,"877,858",Jamaat-e-Islami Pakistan ,Naeem Ur Rehman Khan
NA-247,Karachi Central-1,Sindh,"938,178",Pakistan Tehreek-e-Insaf,Abbas Husnain
NA-247,Karachi Central-1,Sindh,"938,178",PPP,Sheik Muhammad Maaz Feroz
NA-247,Karachi Central-1,Sindh,"938,178",PMLN,Naheed Parveen
NA-247,Karachi Central-1,Sindh,"938,178",PMLF,Anbar Naeem
NA-248,Karachi Central-2,Sindh,"978,169",Pakistan Tehreek-e-Insaf,Arslan Khalid
NA-248,Karachi Central-2,Sindh,"978,169",PPP,Muhammad Hassan Khan
NA-248,Karachi Central-2,Sindh,"978,169",Istehkam-e-Pakistan Party,Muhammad Anwar Azeem Khan
NA-249,Karachi Central-3,Sindh,"948,099",Pakistan Tehreek-e-Insaf,Barrister Uzair Ghouri
NA-249,Karachi Central-3,Sindh,"948,099",PMLN,Syed Ansub Raza Fatmi
NA-249,Karachi Central-3,Sindh,"948,099",ANP,Naimat Khalil
NA-249,Karachi Central-3,Sindh,"948,099",Jamaat-e-Islami Pakistan ,Mian Muslim Pervaiz
NA-250,Karachi Central-4,Sindh,"957,879",Pakistan Tehreek-e-Insaf,Riaz Hyder
NA-250,Karachi Central-4,Sindh,"957,879",PPP,Sohail Mansoor Khawaja
NA-250,Karachi Central-4,Sindh,"957,879",PMLN,Furqan Ali
NA-250,Karachi Central-4,Sindh,"957,879",ANP,Muhammad Khan Afridi
NA-250,Karachi Central-4,Sindh,"957,879",Jamaat-e-Islami Pakistan ,Naeem Ur Rehman Khan
NA-250,Karachi Central-4,Sindh,"957,879",Istehkam-e-Pakistan Party,Noureen Iqbal
NA-251,Sherani-cum-Zhob-cumKilla Saifullah,Balochistan,927579,Pakistan Tehreek-e-Insaf,Dawood Khan
NA-251,Sherani-cum-Zhob-cumKilla Saifullah,Balochistan,927579,PMLN,Toor GulKhm Jogezai
NA-251,Sherani-cum-Zhob-cumKilla Saifullah,Balochistan,927579,ANP,Muhammad Shafi
NA-251,Sherani-cum-Zhob-cumKilla Saifullah,Balochistan,927579,Jamiat Ulema-e-Islam (F),Syed Sami Ullah
NA-252,Musa Khail-cum-Barkhancum-Loralai-cum-Duki,Balochistan,"870,000",Pakistan Tehreek-e-Insaf,Sardar Babar Musakhel
NA-252,Musa Khail-cum-Barkhancum-Loralai-cum-Duki,Balochistan,"870,000",PMLN,Sardar Muhamrnad Yaqoob Khan Nasar
NA-252,Musa Khail-cum-Barkhancum-Loralai-cum-Duki,Balochistan,"870,000",ANP,Shazia Bibi
NA-252,Musa Khail-cum-Barkhancum-Loralai-cum-Duki,Balochistan,"870,000",Jamiat Ulema-e-Islam (F),Amanullah Khan
NA-252,Musa Khail-cum-Barkhancum-Loralai-cum-Duki,Balochistan,"870,000",Istehkam-e-Pakistan Party,Jalil Ahmad Khan
NA-253,Harnai-cum-Sibi-cum-Kohlu-cum-Dera Bugti,Balochistan,"967,213",Pakistan Tehreek-e-Insaf,Saddam Tareen
NA-253,Harnai-cum-Sibi-cum-Kohlu-cum-Dera Bugti,Balochistan,"967,213",PMLN,Mir Dostain Khan Domki
NA-253,Harnai-cum-Sibi-cum-Kohlu-cum-Dera Bugti,Balochistan,"967,213",ANP,Farid Ullah Dumar
NA-253,Harnai-cum-Sibi-cum-Kohlu-cum-Dera Bugti,Balochistan,"967,213",Jamiat Ulema-e-Islam (F),Naseer Ahmed Kakar
NA-254,Jhal Magsi-cum-Kachhicum-Nasirabad,Balochistan,"919,454",Pakistan Tehreek-e-Insaf,Pir Bux Jamoot
NA-254,Jhal Magsi-cum-Kachhicum-Nasirabad,Balochistan,"919,454",BAP,Khalid Magsi
NA-254,Jhal Magsi-cum-Kachhicum-Nasirabad,Balochistan,"919,454",Jamiat Ulema-e-Islam (F),Nizam ud Din Lehri
NA-255,Sohbat Pur-cumJaffarabad-cum-Usta Mohammadcum-Nasirabad,Balochistan,1124567,Pakistan Tehreek-e-Insaf,Arif Rind
NA-255,Sohbat Pur-cumJaffarabad-cum-Usta Mohammadcum-Nasirabad,Balochistan,1124567,PMLN,Mir Muhammad Khan Jamali
NA-255,Sohbat Pur-cumJaffarabad-cum-Usta Mohammadcum-Nasirabad,Balochistan,1124567,ANP,Muhammad Ismail
NA-255,Sohbat Pur-cumJaffarabad-cum-Usta Mohammadcum-Nasirabad,Balochistan,1124567,Jamiat Ulema-e-Islam (F),Mir Hussain
NA-256,Khuzdar,Balochistan,"997,214",PMLN,Abdul Khaliq
NA-256,Khuzdar,Balochistan,"997,214",Jamiat Ulema-e-Islam (F),"Salahuddin Son Of Haji Abdul
Salarn"
NA-257,Hub-cum-Lasbela-cumAwaran,Balochistan,"859,935",Pakistan Tehreek-e-Insaf,Mir Ali Ahmad Zehri
NA-257,Hub-cum-Lasbela-cumAwaran,Balochistan,"859,935",PMLN,Jam Kamal Khan
NA-257,Hub-cum-Lasbela-cumAwaran,Balochistan,"859,935",ANP,Nawaz AIi Burfat
NA-257,Hub-cum-Lasbela-cumAwaran,Balochistan,"859,935",Jamiat Ulema-e-Islam (F),Muhanmad Alam
NA-258,Panjgur-cum-Kech,Balochistan,936284,PMLN,Mohammad Aslam Boledi
NA-258,Panjgur-cum-Kech,Balochistan,936284,Jamiat Ulema-e-Islam (F),Zafarullah Khan Gichki
NA-259,Kech-cum-Gwadar,Balochistan,"939,588",PPP,Mrlik Shah
NA-259,Kech-cum-Gwadar,Balochistan,"939,588",BAP,Kauda Babar
NA-259,Kech-cum-Gwadar,Balochistan,"939,588",Jamiat Ulema-e-Islam (F),Khalid Waleed
NA-260,Chagai-cum-N ushki-cumKharan-cum-Washuk,Balochistan,1040001,Pakistan Tehreek-e-Insaf,Ghulam Qadir Sanjrani
NA-260,Chagai-cum-N ushki-cumKharan-cum-Washuk,Balochistan,1040001,BAP,Ejaz Sanjrani
NA-260,Chagai-cum-N ushki-cumKharan-cum-Washuk,Balochistan,1040001,PMLN,Sardar Fateh Muhammad Muhammad Hasni
NA-260,Chagai-cum-N ushki-cumKharan-cum-Washuk,Balochistan,1040001,Jamiat Ulema-e-Islam (F),Muhammad Usman Badini
NA-261,Surab-cum-Kalat-cumMastung,Balochistan,863869,PMLN,MirAtta UIIah
NA-261,Surab-cum-Kalat-cumMastung,Balochistan,863869,Jamiat Ulema-e-Islam (F),Moulana Abdul Ghafoor Haideri 
NA-262,Quetta-1,Balochistan,799886,Pakistan Tehreek-e-Insaf,Adil Bazai
NA-262,Quetta-1,Balochistan,799886,PPP,Muhammad Ramzan
NA-262,Quetta-1,Balochistan,799886,BAP,Manzoor Ahmed
NA-262,Quetta-1,Balochistan,799886,PMLN,Nawab Salman Khan Khilji
NA-262,Quetta-1,Balochistan,799886,Jamiat Ulema-e-Islam (F),Malik Sikandar Khan
NA-263,Quetta-2,Balochistan,821950,Pakistan Tehreek-e-Insaf,Salar Khan Kakar
NA-263,Quetta-2,Balochistan,821950,PPP,Rozl Khn Kttar
NA-263,Quetta-2,Balochistan,821950,BAP,Rubina Irfan
NA-263,Quetta-2,Balochistan,821950,PMLN,Haji Jamal Shah Kakar
NA-263,Quetta-2,Balochistan,821950,ANP,Asghar Khan
NA-263,Quetta-2,Balochistan,821950,PMLQ,Shakeel Ahmed Roshan
NA-264,Quetta-3,Balochistan,973656,Pakistan Tehreek-e-Insaf,Zain ul abidin Khilji
NA-264,Quetta-3,Balochistan,973656,ANP,Noor Ahmed
NA-264,Quetta-3,Balochistan,973656,Jamiat Ulema-e-Islam (F),Abdul Rehman
NA-265,Pishin-cum -Ziarat,Balochistan,1025017,Pakistan Tehreek-e-Insaf,Syed Zahoor Agha
NA-265,Pishin-cum -Ziarat,Balochistan,1025017,PMLN,Saad UllahTareen
NA-265,Pishin-cum -Ziarat,Balochistan,1025017,ANP,Abdul Rashid
NA-265,Pishin-cum -Ziarat,Balochistan,1025017,Jamiat Ulema-e-Islam (F),Fazl Ur Rahmen
NA-266,Killa Abdullah-cum-Chaman,Balochistan,828189,Pakistan Tehreek-e-Insaf,Malak Muhammad Asmat Kakar
NA-266,Killa Abdullah-cum-Chaman,Balochistan,828189,PPP,Nazar Muhammad
NA-266,Killa Abdullah-cum-Chaman,Balochistan,828189,PMLN,Abdul Khaliq Son of  Mira Jan
NA-266,Killa Abdullah-cum-Chaman,Balochistan,828189,ANP,Muhibullah Kakar
